What is your Vassal handle?,What is your Discord name (User#0000)?,Paste your new YASB Squad link here:,
Mu0n,Mu0nVassal#4658,"https://raithos.github.io/?f=Galactic%20Republic&d=v8ZsZ200Z320XW100WY315X125W101WY273X251W252W200WY312XWW200W&sn=Mu0n%20JTO&obs=coreasteroid5,gascloud1,gascloud2",
GreenDragoon,GreenDragoon,"https://raithos.github.io/?f=Galactic%20Republic&d=v8ZsZ200Z331X125WW2W135Y318X124WWY278XW214W200WY314XW233W200W&sn=Raphael%20Iselin%20JTO&obs=gascloud3,gascloud5,gascloud6",
pekka,pekka_rinne#0447,https://raithos.github.io/?f=First%20Order&d=v8ZsZ200Z386X178WWY384XWW98WY384XWWW164Y262XWW&sn=Sam%20Page%20JTO&obs=,
RoninAround,RoninAround#5193,https://raithos.github.io/?f=Scum%20and%20Villainy&d=v8ZsZ200Z141XW45WW92W236Y144XW137WW83W69WW110W149WW8Y158X125WWWY249X115WY87XW137WWWWWW&sn=Matt%20Petit%20JTO&obs=,
Doratakus,"Crispus ""Doratakus"" Knight",https://raithos.github.io/?f=First%20Order&d=v8ZsZ200Z262XWWY289XWW180WWWWWY285X133WWW182WWY397XWWW182WW&sn=Crispus%20Knight%20JTO&obs=,
TLFJ,TLFJ#7286,"https://raithos.github.io/?f=Galactic%20Empire&d=v8ZsZ200Z161X119W240W136W101W104W139WWY218XWY167XWWWW164W162Y212XWWW&sn=Johnson%27s%20Jank%20Tank&obs=coreasteroid5,core2asteroid4,core2asteroid5",
blairbunke,blair#9396,https://raithos.github.io/?f=First%20Order&d=v8ZsZ200Z263X115WWY265XWY264XWWY289XWWW183WW11WWY262XWW&sn=Blair%20JTO&obs=,
MJN248,MatsJn#0825,https://raithos.github.io/?f=Resistance&d=v8ZsZ200Z351XW186WWWW61W5WY231X117W2WW175WW171W102Y295XWWWWWW&sn=Mats%20Jonsson%20JTO&obs=,
Lonailan,Lonailan#6938,"https://raithos.github.io/?f=Galactic%20Republic&d=v8ZsZ200Z332XW113W6W134Y333XWWW234Y342XWWWWW164Y362XW137WWWWW&sn=J%C3%BCrgen%20M.%20JTO&obs=coreasteroid5,gascloud1,gascloud2",
SWGoldie,Goldie#7060,https://raithos.github.io/?f=Rebel%20Alliance&d=v8ZsZ200Z40X98WWWW93Y50X123W117WY20X136WWWW57W317WW104&sn=Ed%20Gold%20JTO&obs=,
antigrapist,Antigrapist#9267,"https://raithos.github.io/?f=Separatist%20Alliance&d=v8ZsZ200Z324XW99W70W165W237Y306X117W222WW229Y327X234WWWW237Y344XWWWY279XWW&sn=%5BAntigrapist%20JTO%5D&obs=coreasteroid0,coreasteroid4,core2asteroid4",
Joel Springle,Joel Springle,"https://raithos.github.io/?f=Galactic%20Empire&d=v8ZsZ200Z209X132WW68W165Y182X166W164Y186X60W26W108Y222XW&sn=Joel%20Springle%20JTO&obs=gascloud1,gascloud2,gascloud3",
RelativeShoe,RelativeShoe,"https://raithos.github.io/?f=Galactic%20Empire&d=v8ZsZ200Z202X113W76WY177XWW100W164Y178X114WWY211XW82WW&sn=Dan%20Xuereb%20JTO&obs=coreasteroid0,core2asteroid0,core2asteroid2",
McDLT,McDLT_ca#7854,https://raithos.github.io/?f=Rebel%20Alliance&d=v8ZsZ200Z25XW137W135WWWWY13XW165Y80XWW46WWWY5XWWWW142&sn=jank%20tank%20rebell%20mcdlt&obs=,
XPav,XPav#0478,https://raithos.github.io/?f=Galactic%20Republic&d=v8ZsZ200Z317X122W100WY342X124W135WWWWY359X203WW135WW5WWY321XW&sn=Alex%20Pavloff%20(XPav)%20JTO&obs=,
Reflex,Reflex#5086,"https://raithos.github.io/?f=Resistance&d=v8ZsZ200Z244XWW188W245W174WW103W193Y231XWWW175WWWY377XWWWWWW&sn=Andrew%20Cox%20JTO&obs=coreasteroid5,core2asteroid4,core2asteroid5",
Josh,Josh#1589,https://raithos.github.io/?f=Galactic%20Empire&d=v8ZsZ200Z216XWWWWWWW147Y167X112WWWWWY213XWW249Y178XWW&sn=Josh%20JTO&obs=,
Dragoon,dragoonkain#6338,https://raithos.github.io/?f=Scum%20and%20Villainy&d=v8ZsZ200Z141X206W45WWWY113XWWWWWWY129XWWWWWY97XW&sn=Brendon%20Osmann-Deyman%20JTO&obs=,
JediOswald,Jedi Oswald#1534,https://raithos.github.io/?f=Rebel%20Alliance&d=v8ZsZ200Z16XY391XWW10WWWW313Y15X106Y7XWWW142Y51X122WW&sn=Liam%20Lee%20JTO&obs=,
Armytuba,DBS404,https://raithos.github.io/?f=Resistance&d=v8ZsZ200Z351XWWWW54WWW109Y298X118WWW175W206W171W232Y256XW195WW175WWWY345XWWW&sn=Armytuba%20JTO&obs=,
Lord Cronal,Lord Cronal#3231,https://raithos.github.io/?f=First%20Order&d=v8ZsZ200Z266XWWY284XW178WW102Y382XWWWY285XWWWWW&sn=Lord%20Cronal%20JTO&obs=,
ptown,ptown,"https://raithos.github.io/?f=Rebel%20Alliance&d=v8ZsZ200Z28XW137W134W4WW71W87Y64XWWWWW165WWY59XWWW&sn=Preston%20Person%20JTO&obs=gascloud4,gascloud5,gascloud6",
Zach Johnson,zeke770#4936,"https://raithos.github.io/?f=Galactic%20Empire&d=v8ZsZ200Z186X33W49WY178XW102W108Y176X240WW105Y186X37WW&sn=Zach%20Johnson%20JTO&obs=coreasteroid3,core2asteroid3,core2asteroid5",
Lee 7Suns,hotwookieluv#4477,https://raithos.github.io/?f=Rebel%20Alliance&d=v8ZsZ200Z58XW65WW249Y28XW138WWWWWY49XWWWW156Y24X113WWW&sn=Lee%207Suns%20JTO&obs=,
MegaSilver,MegaSilver#8035,"https://raithos.github.io/?f=Separatist%20Alliance&d=v8ZsZ200Z343X224W208W164Y279X224W208W166Y336X10W234W218W53W68WW216W223Y354X255W115&sn=Tommy%20Adams%20JTO&obs=vt49decimatordebris0,vt49decimatordebris1,vt49decimatordebris2",
le pirate non binaire,uliexox,"https://raithos.github.io/?f=Scum%20and%20Villainy&d=v8ZsZ200Z147X125WWWW163WY109XWWWWW155WY132XWW13Y398XWWW&sn=Ulrick%20Therrien%20JTO&obs=coreasteroid5,core2asteroid4,core2asteroid5",
EvanPaul,DocVelo#3200,https://raithos.github.io/?f=First%20Order&d=v8ZsZ200Z383XW202W311WY283XW202WW102Y289XWW179WWWWW108&sn=Evan%27s%20Jank%20Tank%20Squad&obs=,
unfassbarnathan,unfassbarnathan#1964,https://raithos.github.io/?f=Separatist%20Alliance&d=v8ZsZ200Z324XW98W221WWY305X115W222WWY343X99WWY324XWW235WWY344XWW165W&sn=Nathan%20Willcock%20JTO&obs=,
NilsTillander,NilsTillander#7371,https://raithos.github.io/?f=Galactic%20Republic&d=v8ZsZ200Z340X120W136W54W89W6W165Y273X72W214W200WY333X119WWW&sn=Luc%20Girod%20JTO&obs=,
NiklasGod,Niklas God#2101,https://raithos.github.io/?f=Galactic%20Empire&d=v8ZsZ200Z172XW112W98Y166XW13WWWW162Y161XW111W136W101WW144W11Y190X138WWWW&sn=NiklasGod%20squad&obs=,
higgo,higgo#8488,https://raithos.github.io/?f=Galactic%20Republic&d=v8ZsZ200Z317XWW106Y362XW137W136WWWWY364XW138WW225WWWY323XWW234Y319XW&sn=Cormac%20Higgins%20JTO&obs=,
AKarlsson(Swe),AKarlsson(Swe),"https://raithos.github.io/?f=Scum%20and%20Villainy&d=v8ZsZ200Z83X116W113W232WWW94WW151Y129X256WWWWW236Y122XWWWWY303X&sn=Andreas%20Karlsson%20JTO&obs=coreasteroid3,coreasteroid5,core2asteroid4",
Abel,Abel#9795,"https://raithos.github.io/?f=Galactic%20Empire&d=v8ZsZ200Z173XW111W311W105Y228XY180XWWY208X135W102W99WWWW&sn=Abel%20JTO&obs=coreasteroid5,core2asteroid4,core2asteroid5",
 BaldWookie,BaldWookie#6233,"https://raithos.github.io/?f=First%20Order&d=v8ZsZ200Z269X177WY289XWW183WWW13W113WY397XWWW182WWY259XWW182WW&sn=Ricardo%20Lopez%20JTO&obs=core2asteroid0,core2asteroid1,core2asteroid2",
bevicadarn,bevicadarn,https://raithos.github.io/?f=Resistance&d=v8ZsZ200Z377X123WW195WW236WW315Y380XW6WW165WWY244XWW37WW174WWW193Y345XWWW&sn=Stephen%20Gage%20JTO&obs=,
Kerbocat,Kerbocat#5844,https://raithos.github.io/?f=Scum%20and%20Villainy&d=v8ZsZ200Z96XY93X125W30WY154XWWW22WW79W93WW150Y142X206WW317W93WY132XWW13&sn=Jan%20Ullerup%20JTO&obs=,
pbpancho,pbpancho#0429,https://raithos.github.io/?f=Rebel%20Alliance&d=v8ZsZ200Z56X122W99W106Y39X133WWWWW157WY60X54WW&sn=Pbpancho%27s%20Jank&obs=,
B_Squidgy,B_Squidgy (#2443),https://raithos.github.io/?f=Scum%20and%20Villainy&d=v8ZsZ200Z124XWWWWY83XW113W11WW68W92WWY150XWWWWY143XWWWW&sn=B_Squidgy%20JTO&obs=,
Earthworm,Earthworm #3395,"https://raithos.github.io/?f=Rebel%20Alliance&d=v8ZsZ200Z16XY45X98WW51W58W164WW154Y45X99WWWWWW&sn=You%20came%20in%20that%3F%20%20You%27re%20braver%20than%20I%20thought!&obs=yt2400debris0,yt2400debris2,vt49decimatordebris0",
BobbySapphire,BobbySapphire #5108,https://raithos.github.io/?f=Galactic%20Empire&d=v8ZsZ200Z163X122W113WWW108W144W11Y201XW111WW236Y182XWY225X122WY223XW&sn=BobbySapphire%20JTO&obs=,
Chris Burnett,Kern0wChris#3872,https://raithos.github.io/?f=Rebel%20Alliance&d=v8ZsZ200Z77XWW314WWWY55X116W99WY51XWWY49X69W46W109WW156&sn=Chris%20Burnett%20JTO&obs=,
Opirian,Opirian#5169,https://raithos.github.io/?f=Scum%20and%20Villainy&d=v8ZsZ200Z87X115WW136WW9W317WWY145X132W138WW86W67WWW149WW1Y105XWWWW71WWW&sn=OPI%20JTO&obs=,
Marc,Marc M #4050,https://raithos.github.io/?f=Rebel%20Alliance&d=v8ZsZ200Z71XWW106W2W167Y393X199WWW44W314WWWY23X122WW134WW&sn=Marc%20McIntyre%20JTO&obs=,
Chemical Jedi,Chemical_Jedi,https://raithos.github.io/?f=Galactic%20Republic&d=v8ZsZ200Z323X240WW135Y333X116WW2W134Y313XW4W200WY274XW2WW&sn=Kevin%20Brimage%20JTO&obs=,
mightynute,mightynute#6531,https://raithos.github.io/?f=Galactic%20Republic&d=v8ZsZ200Z332X133W113W233W136Y323XW252WY364XW138WWWWWY275X203W214WW&sn=Matt%20Nute%20JTO&obs=,
Aaron T,potato hombre#5509,https://raithos.github.io/?f=First%20Order&d=v8ZsZ200Z267X115WW108Y397X181WWW182W240WY288X202WWWWWWWY383X127WWW&sn=Aaron%20T%20Jank%20Tank&obs=,
Shutabyss,Shutabyss,https://raithos.github.io/?f=First%20Order&d=v8ZsZ200Z385X181WWWWWY251X318WWWWWWWY285XWWWWWY243XWWW182WW&sn=208th%20Special%20Forces%20Strike%20Group%20%22Specter%22&obs=,
fivepointOMG,fivepointOMG#1137,https://raithos.github.io/?f=Galactic%20Republic&d=v8ZsZ200Z319X98WY318X126W311WY273X251WW200WY366XWWWW226WW&sn=Five%20point%20Jank&obs=,
TriggerHappyTaco,TriggerHappyTaco#0952,https://raithos.github.io/?f=Resistance&d=v8ZsZ200Z245X124WWWWWWWY246XWWWW86WWWY295XWWWWWW&sn=Daniel%20Wochnick%20JTO&obs=,
Ted W,Ted W #4013,"https://raithos.github.io/?f=Galactic%20Empire&d=v8ZsZ200Z174X125W240W311W105Y394X199WW100Y170XWW100Y190X137WWW90W&sn=Ted%20W%20(JTO)&obs=vt49decimatordebris2,core2asteroid0,core2asteroid1",
Andrew,Weak_Link13#0228,https://raithos.github.io/?f=Galactic%20Empire&d=v8ZsZ200Z185X24W33WY180X122W236WY191X113W134W102W98WW70W69W247&sn=Andrew%20Neusch%20JTO&obs=,
RoguePanda,RoguePanda#4066,https://raithos.github.io/?f=Rebel%20Alliance&d=v8ZsZ200Z61XWWW137W41W53WW84W148Y77XW134WWWWY51XWW&sn=Steven%20Sior%20JTO&obs=,
Jello_Knight,Jello Knight#6419,https://raithos.github.io/?f=Galactic%20Republic&d=v8ZsZ200Z331X116W240W6W234Y314X203W213W201W211Y316X123WWY317XW101W&sn=Joel%20Killingsworth%20JTO&obs=,
casperionx,casperionx#2267,https://raithos.github.io/?f=Galactic%20Empire&d=v8ZsZ200Z167X111W10W49WW106WY183X127W30W28W166Y179X126W108W&sn=HEATH%20CARRUTHERS%20JTO&obs=,
Garran_Crowe,Garran Crowe 4570,https://raithos.github.io/?f=Scum%20and%20Villainy&d=v8ZsZ200Z159X99WWY130XWW98W8WW247Y112XWW69WWWW156Y304XY157XWWW&sn=Cam%20Murray%20JTO&obs=,
the8bitdeity,the8bitdeity#8163,https://raithos.github.io/?f=Galactic%20Republic&d=v8ZsZ200Z362X122W138WWW254WWY316X127W98WY342XWWWWWY322XWW6W136&sn=Robert%20Kukuchka%20JTO&obs=,
Liritar5203,#2460,https://raithos.github.io/?f=Galactic%20Empire&d=v8ZsZ200Z206XW102WWWWWY178XWWY208XWWWWWWY165XWW38W14WWY164XWWWW&sn=Evan%20Caldwell%20JTO&obs=,
Rc4b2 ,ryan talonbane#1066,"https://raithos.github.io/?f=Scum%20and%20Villainy&d=v8ZsZ200Z249X256WY128X53WWWWY128XW92WWWY131XWWW8WW&sn=Ryan%20Becker%20JTO&obs=coreasteroid0,coreasteroid1,yt2400debris0",
Ryan Kriesch,Kckid#2385,"https://raithos.github.io/?f=Galactic%20Empire&d=v8ZsZ200Z174X115WWWY198X240WWY186X60W28W108Y220XW&sn=Ryan%20Kriesch%20JTO&obs=core2asteroid3,core2asteroid4,core2asteroid5",
balindamood,3251,https://raithos.github.io/?f=Scum%20and%20Villainy&d=v8ZsZ200Z150X132W111WW165WY248XW249Y116XW134WWWWWW159WY247X256W166&sn=Brian%20Lindamood%20JTO&obs=,
ctsjohnz,ctsjohnz#,"https://raithos.github.io/?f=Galactic%20Republic&d=v8ZsZ200Z316X119WWY320X116WWY320XWWY360XWWWWWWY361XWWWWWY276XWW200W&sn=John%20Gardner%20JTO&obs=coreasteroid5,core2asteroid4,core2asteroid5",
cmveas,cmveas,https://raithos.github.io/?f=Scum%20and%20Villainy&d=v8ZsZ200Z82XWW12WWWWWY143XWWWW106Y132XWW135Y101X121W&sn=Claudio%20Veas%20JTO&obs=,
Totem,Totem#6562,https://raithos.github.io/?f=Separatist%20Alliance&d=v8ZsZ200Z272X203W12WWWWW109WWY334XWW234WWWWW216WY336XWWWWWWW&sn=The%20Maul%2C%20the%20Tyrant%2C%20and%20the%20UPS%20guy&obs=,
wilhelmfors,wilhelmfors (#8270),https://raithos.github.io/?f=First%20Order&d=v8ZsZ200Z384X119WWWY287X126WWWY383XWWWY266XWW&sn=JTO%20Wilhelm%20Fors&obs=,
Tommaso Loss,ciurlo,https://raithos.github.io/?f=Galactic%20Republic&d=v8ZsZ200Z362X122W138WWWW70WY364XW138WWWWWY321XWY320XWWY321XWY323XWW&sn=Random%20Squad&obs=,
RebelScum,Darryl_M#0441,https://raithos.github.io/?f=Rebel%20Alliance&d=v8ZsZ200Z38XWW46WWW140Y391XWWWW234WWY75XWWWWWWY75XWWWWWW&sn=Darryl%20McMillon%20-%20JTO&obs=,
TNX_Old_Jester,TNX_Old_Jester#5897,https://raithos.github.io/?f=Scum%20and%20Villainy&d=v8ZsZ200Z119X133WW94WW166WY156XWWWY125X251WWWWW160Y249XW&sn=Dimitris%20Stavropoulos%20JTO&obs=,
Aaron Thatcher,A Coke Product#7685,https://raithos.github.io/?f=Rebel%20Alliance&d=v8ZsZ200Z59XWWWY52XWWY29XW138WW0WWW90Y53XWY65XWWWW&sn=Aaron%20Thatcher%20JTO&obs=,
Wally_Shanks,Wally Shanks#2937,"https://raithos.github.io/?f=Scum%20and%20Villainy&d=v8ZsZ200Z130X121W134WWWW108Y248XWY116XWW11WW83WWWY111XWWWWY157X125WWW&sn=Stanky%20Shanks%20%20JTO&obs=coreasteroid5,core2asteroid4,core2asteroid5",
BittyBumbo,BittyBumbo#5694,https://raithos.github.io/?f=Scum%20and%20Villainy&d=v8ZsZ200Z133XWW99Y145X127WW20W80W317WWWY144XW137WW86W71W70W110W149WW8Y158XWWW&sn=Mark%20Grawburg%20JTO&obs=,
Slenkhar,Slenkhar#1858,https://raithos.github.io/?f=Scum%20and%20Villainy&d=v8ZsZ200Z158XWW91WY131XW136W101W4W94W166Y97X121WY156XWWW&sn=David%20Secretain%20JTO&obs=,
trej,trej#6820,"https://raithos.github.io/?f=First%20Order&d=v8ZsZ200Z286X178W234WY267XWWY385XWWW182WWY288XWWWWWWW&sn=Pawel%20Morawski%20JTO&obs=coreasteroid5,core2asteroid4,core2asteroid5",
Chris Allen,Brunas#9999,https://raithos.github.io/?f=First%20Order&d=v8ZsZ200Z386XWW98Y289XWW32W180WW12W111WY259XWWWW109&sn=Chris%20Allen%20JTO&obs=,
Jeff W,Jeff Wilder #9855,https://raithos.github.io/?f=First%20Order&d=v8ZsZ200Z265XW236Y268X177WY251X202WWWWWW111W249Y283XWWW311&sn=Jeff%20Wilder%20JTO&obs=,
PsychJ7,PsychJ7,"https://raithos.github.io/?f=First%20Order&d=v8ZsZ200Z259XW101WWW236Y269XWY285XWWWW240WY386X206WWY285XWWWWW&sn=Plush%20Rush&obs=coreasteroid5,yt2400debris0,core2asteroid5",
canyonero,canyonero#0701,"https://raithos.github.io/?f=Rebel%20Alliance&d=v8ZsZ200Z73XWWWW135WWY392XWWWW51WWWWY36XWW314W54WW140&sn=Adam%20SItnick%20JTO&obs=coreasteroid0,core2asteroid0,core2asteroid4",
Shadow Marvel,Shadow Marvel#7617,"https://raithos.github.io/?f=Rebel%20Alliance&d=v8ZsZ200Z51X119W115WY13X126W106Y72XW35WWW167Y43XW101WW52WWWW&sn=Matthew%20Kreiner%20JTO&obs=coreasteroid3,coreasteroid4,coreasteroid5",
Michau,Michau1977#4245,"https://raithos.github.io/?f=Resistance&d=v8ZsZ200Z349XW178W245W249Y351XWW232WWWW5WY388XWWY378XW98WWWWWY347XWWWWWW&sn=Micha%C5%82%20Lewandowski%20JTO&obs=coreasteroid5,core2asteroid4,core2asteroid5",
Malloc,Malloc,"https://raithos.github.io/?f=Galactic%20Republic&d=v8ZsZ200Z362X125WWWWWWY314X250WWW166Y276XW2WWY333X123WWW&sn=Michael%20Buccheri%20JTO&obs=gascloud1,gascloud2,gascloud3",
Sara Tessem,Esteebestee#2322,https://raithos.github.io/?f=Separatist%20Alliance&d=v8ZsZ200Z306X125W223WW229Y272XWWWWWWW216WY309XW208WY354X248W&sn=This%20is%20garbage%20and%20I%20am%20garbage&obs=,
zbbSkeletor,Skeletor420#2378,"https://raithos.github.io/?f=Rebel%20Alliance&d=v8ZsZ200Z67X72W35WWWY20XWW97W88W54W317WWY69X256W40WW0WY53XW&sn=zbbSkeletor%20JTO&obs=core2asteroid1,core2asteroid3,core2asteroid5",
Basscor,Basscor#0012,https://raithos.github.io/?f=Galactic%20Republic&d=v8ZsZ200Z332X119W113WW234Y323XWW234Y330XW213W234Y333XWWW&sn=Alan%20Beard%20JTO&obs=,
Luke Paulson,5728,https://raithos.github.io/?f=Galactic%20Empire&d=v8ZsZ200Z167XWWWWWY162XW240WW99WWY173XW112WWY206XWWWWWW&sn=Random%20Squad&obs=,
JDLNZ,Jdlnz#5464,https://raithos.github.io/?f=Separatist%20Alliance&d=v8ZsZ200Z309X100W208WY305X126WWW229Y328XW223WWY337XWWY343XW208WY309XWW&sn=Dave%20Laffan%20JTO&obs=,
pmeier,6903,"https://raithos.github.io/?f=Rebel%20Alliance&d=v8ZsZ200Z32X130W113W59WW236W140Y48X133W317W54WWWY16X108Y73XWWWWWW&sn=Patrick%20Meier%20JTO&obs=coreasteroid5,core2asteroid4,core2asteroid5",
Almost Brave,AlmostBrave#3338,https://raithos.github.io/?f=Rebel%20Alliance&d=v8ZsZ200Z23XWW234W7WY25X132W138W135W4WWWY50X256WWY16X&sn=Shawn%20Ramberg%20JTO&obs=,
Squishee,SquisheeBall#4102,https://raithos.github.io/?f=Rebel%20Alliance&d=v8ZsZ200Z48XWW54WW165WY18X136W238WWWWWWY52XWWY80X115W135WW88WW&sn=Calen%20Wong%20JTO&obs=,
kken,kken #3132,https://raithos.github.io/?f=First%20Order&d=v8ZsZ200Z235XWWY284XW178W135WY283XWWWY262XW186W&sn=Ken%20Cho%20JTO&obs=,
Moof Milker,Moof Milker,https://raithos.github.io/?f=Resistance&d=v8ZsZ200Z345X127WWW249Y255XWW175W177WWY245X133WWWWW92WW193Y388XWW178&sn=Jeff%20Borrowman%20JTO&obs=,
Dankoo719,Dankoo#0396,https://raithos.github.io/?f=Galactic%20Republic&d=v8ZsZ200Z321XWY322X132WW214W134Y313X72W241W200WY278X72W6WW105&sn=Bill%20Herbert%20JTO&obs=,
steffen,lydhvin#9268,"https://raithos.github.io/?f=Galactic%20Empire&d=v8ZsZ200Z161X132W112W136W102W106W144WY185X54WW166Y199X119WW82W&sn=Steffen%20Lydvo%20JTO&obs=vt49decimatordebris0,vt49decimatordebris1,vt49decimatordebris2",
The Eagle,The Eagle,https://raithos.github.io/?f=Galactic%20Empire&d=v8ZsZ200Z181XWWY205X128WW102WWW68WW105Y167XW232W60WWW162Y218X119W&sn=The%20Eagle%20(Arnar)%20JTO&obs=,
DamianR,DamianR #8429,"https://raithos.github.io/?f=Rebel%20Alliance&d=v8ZsZ200Z2XW234WW109W142Y54X122WWY70XW46WWW167Y5XWWWW142&sn=Damian%20Robinson%20JTO&obs=core2asteroid0,core2asteroid3,core2asteroid5",
Khaaannn,foodmonster1#8716,https://raithos.github.io/?f=Galactic%20Republic&d=v8ZsZ200Z359XWW135WW214WWY275XWW200WY312XWWW166Y316XWW&sn=Akhter%20Khan%20JTO&obs=,
Frosticle,Frosticle#0338,https://raithos.github.io/?f=First%20Order&d=v8ZsZ200Z386XWWY285XWW101WWWY383XWWWY243XWWWWW165&sn=Will%20Frost%20JTO&obs=,
Adam North Wales,buffangel5#9664,https://raithos.github.io/?f=Galactic%20Empire&d=v8ZsZ200Z166XW232W29WWW162Y182XWY173X72WWWY187XWWWWW&sn=Adam%20Shipley%20JTO&obs=,
yesslap,notslap#7780,https://raithos.github.io/?f=Resistance&d=v8ZsZ200Z295XWWWWWWY246XW311WWWWWWY345XW206WWY301XW101W&sn=funwok%20JTO&obs=,
dsul413,dsul413 #7711,https://raithos.github.io/?f=First%20Order&d=v8ZsZ200Z384XW318W102WY233XW177W108Y285XWWWWW165Y397XWWW182WW&sn=Daniel%20Sullivan%20JTO&obs=,
Nathan Skelly,Roundy #7077,https://raithos.github.io/?f=Galactic%20Empire&d=v8ZsZ200Z194X123WW12W102Y220XWY187XW137W100WWWY222XW&sn=Nathan%20Skelly%20JTO&obs=,
tycho1707,tycho1707,https://raithos.github.io/?f=Scum%20and%20Villainy&d=v8ZsZ200Z152XWWW54W32WW94W106WY114XW71WWWW156Y304XY138XW232&sn=Brandon%20Carey%20JTO&obs=,
Timanseb,Timanseb#0699,https://raithos.github.io/?f=Resistance&d=v8ZsZ200Z351XW206WW136WWW205W247Y300XWWW186Y252XWWW175WW171WY379XW191WWWW&sn=Timanseb%20JTO&obs=,
Nate,Handy-Eye-Candy#5392,"https://raithos.github.io/?f=Rebel%20Alliance&d=v8ZsZ200Z17X135WWWW46WWWY21X126WWW3WY34X127W240W314WWW140W&sn=Nate%20Handy%20JTO&obs=yt2400debris1,core2asteroid3,gascloud2",
Doug.h,Doug#7350,https://raithos.github.io/?f=First%20Order&d=v8ZsZ200Z386X186W136WY382X132W186W311WY385X132WW99W86W240W&sn=Doug%20Howe%20JTO&obs=,
dbldown11,doubledown#5317,https://raithos.github.io/?f=Galactic%20Empire&d=v8ZsZ200Z191X113W135WWWW317WW165Y162XW240W234WWW144WY197XW112W12W&sn=Marc%20de%20Bruyn%20JTO&obs=,
[SEL]Brut,[SEL]Brut#1170,https://raithos.github.io/?f=Galactic%20Republic&d=v8ZsZ200Z278X199WWW108Y274XWW200WY366XWW135WWW69WY332XWWW&sn=Jean-Francois%20G%20JTO&obs=,
FOXHOUND,FOXHOUND,https://raithos.github.io/?f=First%20Order&d=v8ZsZ200Z385XWWW182WW108Y285XW206WWWWY233X124W177WY286X178WW&sn=Sam%20Dameron%20JTO&obs=,
Taloncor,Taloncor#5055,"https://raithos.github.io/?f=First%20Order&d=v8ZsZ200Z383XWW99WY285XWW101W88WWY382X115WWWY242XWWW76WW&sn=Arne%20Ka%20JTO&obs=coreasteroid5,core2asteroid4,core2asteroid5",
Christopher Patrick,Chrispy#9179,https://raithos.github.io/?f=First%20Order&d=v8ZsZ200Z259X318WWW113WY397XWWW182WWY382X125W206WWY384X115WWW&sn=Christopher%20Patrick%20JTO&obs=,
epyonic,dleon user#8505,"https://raithos.github.io/?f=Galactic%20Empire&d=v8ZsZ200Z204X133WW98WWWWWY180XW249W108Y395XWW70WY203XW136W311WWWWW106&sn=Janks%20a%20Ton&obs=coreasteroid5,yt2400debris2,core2asteroid5",
viedit,viedit#0883,https://raithos.github.io/?f=Scum%20and%20Villainy&d=v8ZsZ200Z113XW45WWWW105W156Y146X138WWW70WWW149W240WY154XWW98W22WW80WWW&sn=Josh%27s%20Dace%20of%20Legend&obs=,
Samuel Melhado,Samuel Melhado#5464,https://raithos.github.io/?f=Rebel%20Alliance&d=v8ZsZ200Z17XW97WWW40W316WW110Y41XW88WW110WW93Y69XWWW4W167&sn=Samuel%20Melhado%20JTO&obs=,
Tsukuda Joe,Tsukuda_Joe (#9921),https://raithos.github.io/?f=Scum%20and%20Villainy&d=v8ZsZ200Z127XW66WWWW160Y111XWWWWY114XWWWWWY111X240WWWWY96X&sn=Joe%20Congdon%20JTO&obs=,
Red Squad Bench Warmer,Red Squad Bench Warmer#5274,"https://raithos.github.io/?f=Galactic%20Republic&d=v8ZsZ200Z361X138WWWW69WY317XWWY322XWWW134Y277XWWWY274XWWW&sn=Jay%20Davis%20JTO&obs=yt2400debris0,core2asteroid0,gascloud1",
copperblue74,Copperblue74 #3997,"https://raithos.github.io/?f=Galactic%20Empire&d=v8ZsZ200Z212X128WWW236Y164XWWWW139W136WY182XWY207XW234WWWWWWY184XWWW&sn=JON%20FEUCHT%20JTO&obs=gascloud1,gascloud2,gascloud6",
Mr.Moe,Mr.Moe#2766,https://raithos.github.io/?f=Galactic%20Empire&d=v8ZsZ200Z199X124W114WWY211X132W88WWY170XWWY218XW&sn=Moritz%20Gwiasda%20JTO&obs=,
MistbornJedi,MistbornJedi#9486,https://raithos.github.io/?f=Resistance&d=v8ZsZ200Z352XW13W134W245W54W205W236Y295XW242W30WW95W103W193Y239X132WWW198&sn=MistbornJedi%20JTO&obs=,
Magne,mega_magnar#1550,https://raithos.github.io/?f=First%20Order&d=v8ZsZ200Z283XWW134WY386XW234WY381XW177W102W&sn=Magne%20Gudmundsen%20JTO&obs=,
RStan,RStan#1545,https://raithos.github.io/?f=First%20Order&d=v8ZsZ200Z385X115W202W99WW113WY233XWWY287XWWWY383XWWW&sn=Ryan%20Staniszewski%20JTO&obs=,
RaptorRitter13,RaptorRitter13,https://raithos.github.io/?f=Separatist%20Alliance&d=v8ZsZ200Z310X101W208WY307XWWY336XW234WWWWWWY272XWWW217WWWWW&sn=James%20Ritter%20JTO&obs=,
Matt Coggins,Mattcogg,"https://raithos.github.io/?f=Resistance&d=v8ZsZ200Z240X125WW102W206Y389XW111WW54W86W76W69WW165Y378XWWWWWW315&sn=Matt%20Coggins%20JTO&obs=gascloud1,gascloud3,gascloud5",
Garrett J,Hujoe Bigs #0404,https://raithos.github.io/?f=Scum%20and%20Villainy&d=v8ZsZ200Z249XWY87XW138WWWWWW108Y120XWW93WWWY150XWWWW163WY95XWW&sn=Garrett%20Jost%20JTO&obs=,
Czarcasm,Czarcasm#9120,"https://raithos.github.io/?f=Resistance&d=v8ZsZ200Z349X132W178W173WY245X124W100WWW187W93WWY260XWWW189WWW69W&sn=Anthony%20Hillen%20JTO&obs=coreasteroid3,coreasteroid4,core2asteroid3",
assistantBKR,assistantBKR (#5451),"https://raithos.github.io/?f=Scum%20and%20Villainy&d=v8ZsZ200Z109XWW66WW166WY91X98W22W53WW92WW152Y152X115W232WW39WWWWW&sn=Be-%20Pr-%20JTO&obs=gascloud3,gascloud4,gascloud6",
AdamN,MrMountie#5916,https://raithos.github.io/?f=Galactic%20Republic&d=v8ZsZ200Z280X136WW225WW165Y340XW136WWWW110Y278XW2W200W&sn=Adam%20Nordquist%20JTO&obs=,
jetsetter,"Ron ""jetsetter"" Brannan","https://raithos.github.io/?f=Rebel%20Alliance&d=v8ZsZ200Z26X118W137W134WWW68W86Y15XY18XW101WW86W52W71WWY47XWW37W109WW&sn=Ron%20Brannan%20JTO&obs=coreasteroid5,core2asteroid4,core2asteroid5",
Lunar Sovereign,Lunar Sovereign#4318,https://raithos.github.io/?f=Galactic%20Empire&d=v8ZsZ200Z222XW105Y170XW113WY186X26WWY213XWWY189XW138WWWW&sn=Mike%20Maurer%20JTO&obs=,
PaulHeaver,Horngrim,https://raithos.github.io/?f=Galactic%20Empire&d=v8ZsZ200Z166X111WW28WWW162Y206X234WWWWWW166Y191XW234WWWWWWY225XW&sn=Paul%20Heaver%20JTO&obs=,
miguel,Angrypeon#3283,https://raithos.github.io/?f=Scum%20and%20Villainy&d=v8ZsZ200Z124XWWWWY113XWW317WW166WW156Y85XW138WWWW317WWY159XWWY248XW&sn=Miguel%20Justiniano%20JTO&obs=,
RebelMando,RebelMando#7114,https://raithos.github.io/?f=Rebel%20Alliance&d=v8ZsZ200Z76XW11WWWWY72XW46WWWY17XWWWWW70W71WY56XWWY55XW311W&sn=Eddie%20Preisser%20JTO&obs=,
rhett,Rhett#0001,https://raithos.github.io/?f=Rebel%20Alliance&d=v8ZsZ200Z32X130WWWWW140Y52XWWY45XWW58WW107WWY16X&sn=Rhett%20Eldred%20JTO&obs=,
tadpolelights26,tadpolelights26 (Stephen)#5980,https://raithos.github.io/?f=Scum%20and%20Villainy&d=v8ZsZ200Z144XW138W25W90W67WWWY148X132W112WWWY128XWWW109W160&sn=Stephen%20Parker%20JTO&obs=,
tkdstitch,tkdstitch#3467,https://raithos.github.io/?f=Galactic%20Empire&d=v8ZsZ200Z183XW15W60WY168XWWWWW162Y172XWW100Y184X115W27WW&sn=Sean%20Bowman%20(TKDStitch)%20JTO&obs=,
Loud_Whisper,Whisper,"https://raithos.github.io/?f=Resistance&d=v8ZsZ200Z300XWWWY239X124WWWY297XW190WW175WW171WY252XW197WW175WWW&sn=Nobbie%20JTO&obs=gascloud1,gascloud2,gascloud3",
Brent G,Marhand#0708,https://raithos.github.io/?f=Galactic%20Empire&d=v8ZsZ200Z206XWWW82WWWY214XWW30WWWW316WWY224XWY187XW138WWWW&sn=Brent%20Grelle%20JTO&obs=,
Will,Scooter8709#5600,"https://raithos.github.io/?f=Galactic%20Empire&d=v8ZsZ200Z198XWW100Y210X128W82W71WY187XWW100WWWY182XW&sn=William%20Scott%20JTO&obs=gascloud4,gascloud5,gascloud6",
bluerook17,Bohan#2327,https://raithos.github.io/?f=Rebel%20Alliance&d=v8ZsZ200Z23XWWW4WY16XY51XWWY31XWWW46WW140Y15X&sn=Joining%20the%20Bodhi%20Boys&obs=,
Carl Tinsley,Carl#9891,"https://raithos.github.io/?f=First%20Order&d=v8ZsZ200Z233X115WW164Y261XWY384X132W206W101WY283XWW234W&sn=Carl%20Tinsley%20JTO&obs=core2asteroid5,gascloud4,gascloud6",
DurAlvar,DurAlvar (Luke)#1106,https://raithos.github.io/?f=Galactic%20Empire&d=v8ZsZ200Z167X113W10W26WW164WY190XW97WWWY170XWW99Y207XW135WWWWWW109&sn=Luke%20Thompson%20JTO&obs=,
Saige771,Saige#6427,"https://raithos.github.io/?f=Galactic%20Republic&d=v8ZsZ200Z273X72WW200WY363X137WW253WW317WY332XWWWY361XWWWWW&sn=Don%20Walker%20JTO&obs=gascloud4,gascloud5,gascloud6",
Denicol,denicol#8499,https://raithos.github.io/?f=Galactic%20Empire&d=v8ZsZ200Z188X127W138W101WWWY165XWW37W26WW162Y189XWW97WWWY203XWW102WWWWW&sn=Rodrigo%20Denicol%20JTO&obs=,
Sir Charles,sircharles(#2830),https://raithos.github.io/?f=Galactic%20Republic&d=v8ZsZ200Z323XW2WY276X74WW201WY342XWWWWWY364XW138WWWWW&sn=Charles%20Holcomb%20JTO&obs=,
Brett,Brett#0601,https://raithos.github.io/?f=Galactic%20Republic&d=v8ZsZ200Z341XW30WWWY277X72W252W201WY332XWW213W134Y315XWW&sn=Brett%20Freeman%20JTO&obs=,
Old Sarge,Old Sarge ‘02 (#2875),https://raithos.github.io/?f=Rebel%20Alliance&d=v8ZsZ200Z75XW240W11WW136W105WY12XWWWW165W142Y15XY73XWWWWWW&sn=Kulbee%E2%80%99s%20Covid%20Cronies&obs=,
ExAce,ExAce#0002,https://raithos.github.io/?f=Galactic%20Empire&d=v8ZsZ200Z192XWWW98WWWWY216XWWWWWWW147Y215XWW15WWWWWW&sn=One&obs=,
schdarr,schdarr#1992,"https://raithos.github.io/?f=Rebel%20Alliance&d=v8ZsZ200Z37XW46WWW140Y40XWW249W157W94Y36XWWWWW140&sn=Darin%20Schwarze%20JTO&obs=vt49decimatordebris1,vt49decimatordebris2,gascloud6",
ampersand,assron#4296,https://raithos.github.io/?f=Galactic%20Republic&d=v8ZsZ200Z338X116WWWWW166Y341XWWWWY322XWW2WY313XW252WW&sn=Aaron%20DePiano%20JTO&obs=,
roelbesters,roelbesters#8712,https://raithos.github.io/?f=First%20Order&d=v8ZsZ200Z236X204W206W135W311Y282XWW183WWW10WWY290XW&sn=Random%20Squad&obs,
"Looryl ""Louie"" Qrygg",ootinni#1425,https://raithos.github.io/?f=Rebel%20Alliance&d=v8ZsZ200Z55X127WWY41XW87WW164WW92Y34XWW314WWW140W&sn=Looryl%20%22Louie%22%20Qrygg%20JTO&obs=,
CatchySlim,CatchySlim,"https://raithos.github.io/?f=Galactic%20Empire&d=v8ZsZ200Z215XWWWW50W76WWWY168XW12W53WW164W162Y185X60WW&sn=Andrew%20LaTourelle%20JTO&obs=coreasteroid0,coreasteroid1,core2asteroid0",
RonPon,RonPon,"https://raithos.github.io/?f=Galactic%20Republic&d=v8ZsZ200Z319X100W106Y314X75W6W201W166Y362XW138WW76WW69WY320X116WW&sn=Ronny%20Gjendemsj%C3%B8%20JTO&obs=gascloud2,gascloud3,gascloud5",
brittoncarr,britton#1996,https://raithos.github.io/?f=Scum%20and%20Villainy&d=v8ZsZ200Z124X99WWW106WY147XW111WWWY153X116WWW53WWWWWY96X&sn=Britton%20Carr%20JTO&obs=,
SailorJoeV,SailorJoeV # 6676,https://raithos.github.io/?f=Galactic%20Republic&d=v8ZsZ200Z330X240WWY339XWW225W2W236Y322XWWW234Y332XWWW&sn=Joe%20Vincent%20JTO&obs=,
Dale_C,Dale_C,https://raithos.github.io/?f=Rebel%20Alliance&d=v8ZsZ200Z44XW102W84WW54W108W110WY12X93W131WWW165W142Y13X125W106&sn=Dale%20Capron%20JTO&obs=,
Tony C,aureus#9055,https://raithos.github.io/?f=Galactic%20Republic&d=v8ZsZ200Z273XWW200WY332X125WWWY321XWY365X122W138WWWW70W&sn=Tony%20Costanti%20JTO&obs=,
Academy Kryger,ChrisKryger#6656,"https://raithos.github.io/?f=First%20Order&d=v8ZsZ200Z290XWY382X319WWWY381XWWWY259XWWWWY269XW&sn=CK_Jespersen_JTO&obs=coreasteroid0,coreasteroid1,coreasteroid2",
FA-57,Gypsygambit#3671,https://raithos.github.io/?f=Galactic%20Empire&d=v8ZsZ200Z219XWY215XWW28W38WWWWW147Y171XWWY166XWWWWW&sn=Jonathan%20McKinstray%20JTO&obs=,
Cropduster,pilotpaul#3492,https://raithos.github.io/?f=Galactic%20Empire&d=v8ZsZ200Z175X127WWW106Y176XWWY173XW112W102WY172XWW&sn=Greg%20Paul%20JTO&obs=,
Alaedar,Alaedar#8001,https://raithos.github.io/?f=Resistance&d=v8ZsZ200Z300XWWWY380XWWW106WWY250X240WW32WWWWWY298XWWW175W206WW&sn=Aur%C3%A9lien%20Coudray%20JTO&obs=,
Jared M,FishStix#0356,https://raithos.github.io/?f=Resistance&d=v8ZsZ200Z389XWW206WW90WWWW106Y291XWW188WWW67WWY252XW195WW175WWW&sn=Random%20Squad&obs=,
Maxx,Ximatique#8020,https://raithos.github.io/?f=First%20Order&d=v8ZsZ200Z283X131WWW101Y262X119WWY267XWWY381X126WWW&sn=Maxime%20Clergue%20JTO&obs=,
jagsba,jagsba#3751,https://raithos.github.io/?f=Galactic%20Empire&d=v8ZsZ200Z174X128W112WWY180X132WWY166X113W12W60WWWY171XWW99&sn=JesseJTO&obs=,
Kota_Macc,Kota_Macc (#3996),https://raithos.github.io/?f=First%20Order&d=v8ZsZ200Z242XW318WW182W111WY237X133WW134WY383XWWW&sn=Samuel%20Carmel%20JTO&obs=,
Fez,Jawa Leader (Andrew Symons),https://raithos.github.io/?f=Resistance&d=v8ZsZ200Z239XWW100W206Y377XWWWWWWY380XWWWWWY299XWWW175WWWY350XW186WW&sn=Andrew%20Symons%20JTO&obs=,
warmdown,warmdown#9551,https://raithos.github.io/?f=Galactic%20Empire&d=v8ZsZ200Z224X125W108Y177XWWWY183XWWWY187XWWWWWY170XWW98&sn=Patrick%20Steiche%20JTO&obs=,
ChaosHat,ChaosHat#4674,https://raithos.github.io/?f=First%20Order&d=v8ZsZ200Z381X126WW102W236Y289X206WW183W194WW232W240WY261X202W247&sn=Michael%20Thiel%20JTO&obs=,
Sky_Paladin,Sky_Paladin#7635,"https://raithos.github.io/?f=Galactic%20Empire&d=v8ZsZ200Z163XW113W135W311W164WY394X74WWY190XW100WW76WY162XWW234WWW&sn=The%20Dark%20Seas%20of%20Infinity&obs=gascloud1,gascloud2,gascloud3",
Symbiode,Symbiode#8610,https://raithos.github.io/?f=First%20Order&d=v8ZsZ200Z242XWWWWWY283XWWW102Y243X319W202W100W182WW166Y265X202W&sn=Richard%20Hines%20JTO&obs=,
Des Darklighter,Des Darklighter#3735,https://raithos.github.io/?f=Galactic%20Empire&d=v8ZsZ200Z165XWW15W26W165WY396X133WW60WWWW71W249WY212XWWW&sn=Des%20Darklighter%20JTO&obs=,
kengrory,kengrory#9880,https://raithos.github.io/?f=Rebel%20Alliance&d=v8ZsZ200Z63XWWW21WW110WWY80XW136W54WW3WY18XWW97WWWWW&sn=Kenny%20Turner%20JTO&obs=,
Stephan Wehr,iswehr#2390,https://raithos.github.io/?f=Scum%20and%20Villainy&d=v8ZsZ200Z92XW36WWW96WWY400XW11WWWWWY128XWWWWY92XWWWWWW&sn=Stephan%20Wehr%20JTO&obs=,
battlestarbill,battlestarbill#8097,https://raithos.github.io/?f=Galactic%20Empire&d=v8ZsZ200Z180XW249WY171XWWY170X73WW101Y224XWY187XWWW97WW&sn=Tyler%20Samplonius%20JTO&obs=,
Smikies,Smikies#3144,https://raithos.github.io/?f=Scum%20and%20Villainy&d=v8ZsZ200Z85XW137WW80W5WWW108Y122XWWW105WY83XWW13WWW93WW151Y95XWW&sn=Smikies%20-%20Soontir%20Fel%20-%20JTO&obs=,
AlejandroSparano,Alejandro Sparano (Enano)#3406,"https://raithos.github.io/?f=Rebel%20Alliance&d=v8ZsZ200Z80X115WW44W86WW110Y18X135W98WW81W41W235WWY75XWWWW135WW&sn=Alejandro%20Sparano%20JTO&obs=coreasteroid5,core2asteroid4,core2asteroid5",
IMpintobeanz,IMpintobeanz,"https://raithos.github.io/?f=Scum%20and%20Villainy&d=v8ZsZ200Z114X36WWW165WW156Y148X256W240WWWY156XWWWY111XWWWW&sn=Jason%20Pint%20JTO&obs=yt2400debris1,core2asteroid3,core2asteroid5",
Chewels,Chewels#6849,https://raithos.github.io/?f=Scum%20and%20Villainy&d=v8ZsZ200Z154X125W12W99W16W63W79W94W164W150Y139XW135Y120X125WW95WW109WY138XW&sn=Matthew%20LeClair%20JTO&obs=,
PorgAndy,andyvan#3197,https://raithos.github.io/?f=First%20Order&d=v8ZsZ200Z384XW206W99WY381X116W206W99WY237X124WWW100&sn=Andy%20van%20Zanten%20-%20JTO&obs=,
Andrew,johnny_raye#1947,https://raithos.github.io/?f=Resistance&d=v8ZsZ200Z378X256WW195WW164WWY347X206W232WWWWWY300XWWWY350XWW54WY348XWW&sn=Andrew%20Ferguson%20JTO&obs=,
Adjudicator,Adjudicator#3911,https://raithos.github.io/?f=First%20Order&d=v8ZsZ200Z284X256WWWY381X319W318WWY382X117W318WW&sn=Nathan%20Long%20JTO&obs=,
John McDermid,Arc17-26#2855,https://raithos.github.io/?f=Scum%20and%20Villainy&d=v8ZsZ200Z87XWWW85WWW91WY94XW36W247Y303X166Y125XWW92WWW160&sn=New%20Squadron&obs=,https://launch-bay-next.herokuapp.com/?lbx=%27New%20Squadron%27.189.3.0.(12.167.(16.389).(13.286)).(48.227.(8.357).(14.593)).(56.444.(14.301)).(42.219.(13.287).(15.378))
Luke Wilkie,Lu the Lunatic,https://raithos.github.io/?f=Resistance&d=v8ZsZ200Z348XWW106Y245X122WWWWWWWY291XW206WW174WWWWY379XW188WWWW&sn=Luke%20Wilkie%20JTO&obs=,
Garrett,Garrett Blair#8194,https://raithos.github.io/?f=Resistance&d=v8ZsZ200Z377X125W100W2W93W236WW315Y378X133WW6W92W215WWY345XWW53W236Y352X206W232W134W53WW196W105&sn=Garrett%20Blair%20JTO&obs=,
DR4C0,DR4C0#7799,"https://raithos.github.io/?f=Separatist%20Alliance&d=v8ZsZ200Z307XWWY329X240W98WWW237Y329X240W99WWWY356X127WY327XWWWWY343XWW&sn=Ben%20Doyle%20JTO&obs=coreasteroid2,coreasteroid3,coreasteroid4",
Worst Coast Child,worstcoastchild#2539,https://raithos.github.io/?f=Resistance&d=v8ZsZ200Z345X120W206WWY377X172WWWWWWY260XWW191WWWWW236Y389XW112WWWWW316WW&sn=Isaiah%20Brody%20JTO&obs=,
Benjamin,Scrub_Lord_27#4628,https://raithos.github.io/?f=Rebel%20Alliance&d=v8ZsZ200Z24X113W135W6WY63XWW138W44W19WW84WY1XWWW142&sn=Benjamin%20Capovilla%20JTO&obs=,
Chris Langland,Chris Langland#1236,https://raithos.github.io/?f=First%20Order&d=v8ZsZ200Z386XWW102Y265XWY384XWWWY281XWW183WWWWW&sn=Chris%20Langland%20JTO&obs=,
sotoslammer,sotoslammer#5037,https://raithos.github.io/?f=Scum%20and%20Villainy&d=v8ZsZ200Z105XW13W101W36W317W93WWY132XW164WY96XY101X121W&sn=Brendan%20Desjarlais%20JTO&obs=,
Deering,Deering#2743,https://raithos.github.io/?f=Galactic%20Empire&d=v8ZsZ200Z210XWW71W105Y206XWWW88WWWY215XWW29WWWWWWY190XWWWW&sn=Matthew%20Deering%20JTO&obs=,
AgentStack,7752,"https://raithos.github.io/?f=Rebel%20Alliance&d=v8ZsZ200Z22XWW136W4WY1XWWW142Y14X75WY65X118WWW138W&sn=AgentStack%20JTO&obs=coreasteroid3,core2asteroid3,gascloud3loud3oud3",
idletauntaun,idletauntaun,"https://raithos.github.io/?f=Scum%20and%20Villainy&d=v8ZsZ200Z127XW63WWWW160Y98X125W134Y157XWWWY156XW98W92W164&sn=Jared%20Schwarze%20JTO&obs=yt2400debris0,yt2400debris1,yt2400debris2",
Cal,Neuvost#4304,"https://raithos.github.io/?f=Separatist%20Alliance&d=v8ZsZ200Z324X135W101W235WW237Y310X101W208W109Y310X209W208W105Y324XW98W221WWY358X133W&sn=Cal%20Neuvost%20JTO&obs=coreasteroid5,core2asteroid4,core2asteroid5",
Ellen,ellenczes#4218,https://raithos.github.io/?f=Scum%20and%20Villainy&d=v8ZsZ200Z102XY85XW138WWW5WWW105Y156XWWWY142X206WW317WW105Y158XWWW&sn=Ellen%20Ce%20JTO&obs=,
Coroidan,Coroidan#5646,https://raithos.github.io/?f=Scum%20and%20Villainy&d=v8ZsZ200Z151XWWWY136X131WW134Y85XW137WWWWW93WY149XW111WWW&sn=Lachlan%20Moore%20JTO&obs=,
Bibi,SebastienL,https://raithos.github.io/?f=First%20Order&d=v8ZsZ200Z285X119WWWWWY383XWWWY382XWWWY243XWWW182WW&sn=Bibi%20JTO&obs=,
Sebon ,Sebon00#0720,https://raithos.github.io/?f=First%20Order&d=v8ZsZ200Z283XW178W135WY384XWWW165Y265XWY384XW206WW&sn=Sebon00%20Jank%20Tank&obs=,
Kris Sote,KTOFF#4119,https://raithos.github.io/?f=Resistance&d=v8ZsZ200Z345X120W177WW166Y270X122WWW186Y258XWW175W186W171WY350XWWWY300XWWW&sn=Kristoff%20Sotelo%20JTO&obs=,
Thomas Shaw,CompuDiver#3309,"https://raithos.github.io/?f=Resistance&d=v8ZsZ200Z246X133W102W246W192WW93W108WY350XWWWY231XW195WW175W206WW&sn=Thomas%20Shaw%20JTO&obs=yt2400debris0,yt2400debris1,yt2400debris2",
dale,Dirtbag #7975,https://raithos.github.io/?f=Galactic%20Republic&d=v8ZsZ200Z365X120W138WWWW68WY273X75W5W201WY340XW134WWW214W&sn=Dale%20JTO&obs=,
Brian Webb,Antilles01#0787,https://raithos.github.io/?f=Rebel%20Alliance&d=v8ZsZ200Z46XW69WWWW156Y66XWWWWY21XWWW4WY15X&sn=Brian%20Webb%20JTO&obs=,
Jossmabic,jossmabic,https://raithos.github.io/?f=Scum%20and%20Villainy&d=v8ZsZ200Z102X136Y152XWW101WW43WWW165W150Y93XWW164Y140XWWWWW&sn=Jossmabic&obs=,
beattie,beats#5844,https://raithos.github.io/?f=Rebel%20Alliance&d=v8ZsZ200Z29XWWWW164WWY25XW138WWWWWY68XWW137WY26XWWWWW70WY67XWWWW&sn=Jonathan%20Beattie%20JTO&obs=,
assimilation,BenJanssen (User#0122),"https://raithos.github.io/?f=Scum%20and%20Villainy&d=v8ZsZ200Z150XWWWWY87XWW234WWWWWY92XW43WW80WWWY119XWWWWW&sn=Ben%20Janssen%20JTO&obs=coreasteroid0,coreasteroid1,core2asteroid0",
Timo777760,Timo7777#4422,https://raithos.github.io/?f=Galactic%20Empire&d=v8ZsZ200Z179XWWY203X122WWW97WW70WW165Y168XWW15WWWY213XWW&sn=Timo%20Hetzel%20JTO&obs=,
cosmic,CØSMIC#1746,https://raithos.github.io/?f=Scum%20and%20Villainy&d=v8ZsZ200Z119XWW91WW165WY230X53WWW109WWY106X256W10W311WWW96WW153W&sn=David%20Welman%20JTO&obs=,
plammi,Funkstar (plammi)#3654,https://raithos.github.io/?f=First%20Order&d=v8ZsZ200Z259X206W100W182WW109Y284X117WW136WY283X122W186WW&sn=Plammi%20JTO&obs=,
Tox,tox1987#2791,https://raithos.github.io/?f=Scum%20and%20Villainy&d=v8ZsZ200Z248XW165Y399X106WY128XW92WWWY85XW138WW88WWW91WY159X98WW&sn=Marco%20Tocchi%20JTO&obs=,
Ashok,PerfectBroken#6261,"https://raithos.github.io/?f=First%20Order&d=v8ZsZ200Z381XWWWY266XW206WY233XWWY385X119W206WW182WW&sn=FO%20Mugs%20JTO&obs=coreasteroid0,core2asteroid0,core2asteroid2",
Nick Smith ,NickSmudger#6608,https://raithos.github.io/?f=First%20Order&d=v8ZsZ200Z384X126WW98WY262XWW106Y397XWWW182WW249Y384XW186W102W&sn=Nick%20Smith%20JTO&obs=,
MatCauthonReborn,MatCauthonReborn,https://raithos.github.io/?f=Galactic%20Empire&d=v8ZsZ200Z181XWWY188XW138W99WWWY163XWWW101WWY221XY200X124WWW&sn=MatCauthonReborn%20JTO&obs=,
helpme87,helpme87#5974,https://raithos.github.io/?f=Rebel%20Alliance&d=v8ZsZ200Z393XW99W81W21WWWW154Y17XW97WW88WW317WW104Y13XW&sn=Helpme87%20JTO&obs=,
Quentin Keller (JTO),McLovin#8174,"https://raithos.github.io/?f=Galactic%20Empire&d=v8ZsZ200Z167XWW14WWWY172XWWY227X122W249Y208XW311WWW69W68WY204X128WWWWWWW&sn=Quentin%20Keller%20JTO&obs=coreasteroid0,core2asteroid0,core2asteroid2",
Corrvan,Corrvan#5414,https://raithos.github.io/?f=Galactic%20Republic&d=v8ZsZ200Z274X75WW201WY364X120W138WWWW316WY315XWWY342XWWWWW&sn=Brad%20Smith%20JTO&obs=,
James Carman,Kamicrzy#7960,"https://raithos.github.io/?f=Galactic%20Republic&d=v8ZsZ200Z323X112W4WY312X251W241W200WY278XWW200WY332XWWW&sn=Goldnock%20Jank%20James%20Carman&obs=gascloud1,gascloud3,gascloud6",
Mr Sunol,#2156,"https://raithos.github.io/?f=First%20Order&d=v8ZsZ200Z383X181W206W99W166Y243X116WW99WW113W236Y382X181W178WW164&sn=Luke%20Sunol%20JTO&obs=gascloud1,gascloud2,gascloud3",
Largo12,Largo#1833,https://raithos.github.io/?f=First%20Order&d=v8ZsZ200Z265X206W249Y284XW178W134WY242XWWW182W111WY264XWW&sn=Romain%20Bonnet%20JTO&obs=,
Legion three,Legionthree #1073,https://raithos.github.io/?f=Scum%20and%20Villainy&d=v8ZsZ200Z122XWWWWY110XWWWWWY111XWW96WWY84XWWWW69WWW&sn=Evan%20Claassen%20jto&obs=,
x77x,x77x#8564,https://raithos.github.io/?f=Scum%20and%20Villainy&d=v8ZsZ200Z303XY129X125WWWW95W103Y142X206WWWWY126XWW92W93W110W160&sn=Zach%20Huffines%20JTO&obs=,
blake,imyourwhiteknight,https://raithos.github.io/?f=Scum%20and%20Villainy&d=v8ZsZ200Z82XWWWWWWWY97XWY158XWWWY117XWWWWWWW&sn=Blake%20McDaniel%20JTO&obs=,
thesnailmaster,thesnailmaster,https://raithos.github.io/?f=Resistance&d=v8ZsZ200Z346X178WWW59W61WW108Y378X256WW312W92WWW315Y299XWWW175W206W171WY380XW6W93WWW&sn=thesnailmaster%20JTO&obs=,
Monkeyreign ,Monkeyreign#8549,https://raithos.github.io/?f=Resistance&d=v8ZsZ200Z295XW244WWW95WWY253XW190WW175W198WWY351XW198WW136WWW5W&sn=The%20Sympathy%20Smasher&obs=,
Tony (Tin Sqdn),#9738,https://raithos.github.io/?f=Galactic%20Empire&d=v8ZsZ200Z203X115W134W98W99WW316WWY171X73W114W99Y226XY186X26WW106&sn=Tony%20Cameron%20JTO&obs=,
DavinFelth,DavinFelth#7446,"https://raithos.github.io/?f=Scum%20and%20Villainy&d=v8ZsZ200Z145XW138WW88W69W71WW149W114W6Y304XY158XWWWY130XWWWWWY158XWWWY96X&sn=DavinFelth%20JTO&obs=coreasteroid5,core2asteroid4,core2asteroid5",
Gokuja,Gokuja #9521,https://raithos.github.io/?f=Scum%20and%20Villainy&d=v8ZsZ200Z85XWW136W83WWWWY140XW206WW316WWY302X256WY398XWWWY93XWW&sn=Blackjack&obs=,
Tommy,Thrawn#3654,"https://raithos.github.io/?f=Galactic%20Republic&d=v8ZsZ200Z338XWWW89W241W165Y278XWW201WY363X138WWWWWY317XWW&sn=Tommy%20JTO&obs=core2asteroid5,gascloud4,gascloud5",
pete lambro,lambrocalrissian#4087,https://raithos.github.io/?f=Galactic%20Republic&d=v8ZsZ200Z320XWWY277XWW200WY333X126WWWY339XWWWWY275XWWW&sn=Pete%20Lambro%20JTO&obs=,
direweasel,direweasel #4289,https://raithos.github.io/?f=Rebel%20Alliance&d=v8ZsZ200Z0X93W136W2W249W142Y18X135W100WW77W54W70W316WY55X130W99W166&sn=Tad%20Wesley%20-%20Jank%20Tank%20Open&obs=,
tigris,tigris,"https://raithos.github.io/?f=Resistance&d=v8ZsZ200Z347XWW234W37W61W205W108Y258X6WW175W206W171W101Y231XW2WW175W186WW&sn=Ronald%20Daguman%20JTO&obs=coreasteroid5,yt2400debris2,core2asteroid5",
Soontirfel_aceoflegend,Soontirfe_aceoflegen (#4757),https://raithos.github.io/?f=Galactic%20Empire&d=v8ZsZ200Z207X131WW97WW82WWWY162X116WW136WWWY167XWW28WWWY212XWWW&sn=Thomas%20Correnti%20JTO&obs=,
SmittleJones,smittlejones#6305,https://raithos.github.io/?f=Galactic%20Empire&d=v8ZsZ200Z193XWW102WWWWWY396XWWWWWWWWY173XW240W100W105&sn=Alex%20Smittle%20JTO&obs=,
Stan Reecy,atlh1989#7841,https://raithos.github.io/?f=Rebel%20Alliance&d=v8ZsZ200Z72X116W40WWW167Y58X120W37W52W164Y40XW76WWW&sn=Wullff%20of%20Wall%20Street&obs=,
Quack_Shot,Quack_Shot#0846,https://raithos.github.io/?f=Resistance&d=v8ZsZ200Z271XWW101WY239XWWWY347X177WWWWWWY245XWW173WWWWW193&sn=Trevor%20Betts%20JTO&obs=,
Zyk,Zyk#5548,https://raithos.github.io/?f=Rebel%20Alliance&d=v8ZsZ200Z33XWW61WWW140Y16X236Y45XWW46WWWWY51XWW102&sn=Michael%20Frochaux%20JTO&obs=,
Dneye,Dneye#6225,https://raithos.github.io/?f=Scum%20and%20Villainy&d=v8ZsZ200Z105XW10WW63WWWW161WY147XWWWWY90XWWWWWWW&sn=Joshua%20Bray%20JTO&obs=,
bgFish,bgFish#1383,https://raithos.github.io/?f=Scum%20and%20Villainy&d=v8ZsZ200Z149XW111W134W165W163WY131XWWWWWY398XWWWY140XWWW70WW&sn=Jonas%20Malapas%20JTO&obs=,
wookieeoutrider,wookieeoutrider#5705,https://raithos.github.io/?f=Galactic%20Empire&d=v8ZsZ200Z197X117WW12W99Y167X113WW38WW249W162Y394X75WW100&sn=Imp%20hunter%20squadron&obs=,
Gabriel Dennis,6801,https://raithos.github.io/?f=Galactic%20Republic&d=v8ZsZ200Z280X234W32W89W2W109Y341XWWWWY273XWW200W&sn=Gabriel%20Dennis%20JTO&obs=,
silverededge,silverededge#3582,https://raithos.github.io/?f=Galactic%20Empire&d=v8ZsZ200Z179X119W249W165Y168XW13WWW165W162Y206XWWW86WWWY395X119WWW&sn=Mark%20Argente%20%5BJTO%5D&obs=,
Ben Worth,#8358,https://raithos.github.io/?f=Rebel%20Alliance&d=v8ZsZ200Z55XWWY17XWWWWW235WWY26XWW136WW105WW88Y59XW19WW&sn=Ben%20Worth%20JTO&obs=,
missileaway,missileaway,"https://raithos.github.io/?f=Resistance&d=v8ZsZ200Z271X127WW102WY388X116WWY258XWW175W186WWY377XWWW94WWWY379XW242WWWW&sn=Ben%20McCarty%20JTO%20squad&obs=coreasteroid0,yt2400debris2,gascloud1",
Mr. Al,Mr. Al#9017,"https://raithos.github.io/?f=Scum%20and%20Villainy&d=v8ZsZ200Z143XWWWWY115XW135W10WWWW164WY131XWWWWWY90X133WW59WWWWW&sn=Mr.%20Al%20JTO&obs=gascloud3,gascloud4,gascloud5",
Lannes 10,Lannes #9142,https://raithos.github.io/?f=Scum%20and%20Villainy&d=v8ZsZ200Z125XW47W95W92WW160Y140XWW30WW94WY133XW165W99Y398XWWW&sn=Quad%20Scum%20JTO&obs=,
Old Man Sam,Mordax (8472),https://raithos.github.io/?f=First%20Order&d=v8ZsZ200Z285XW318W101WWWY238X177WWWWWW111WY281XWW54WWW12WW&sn=Samuel%20Moorhead%20JTO&obs=,
mission18,mission18 (User#8205),https://raithos.github.io/?f=First%20Order&d=v8ZsZ200Z397XW177W100W88W240W165Y286X206W134W100Y289XWW183WWWWW&sn=mission18%20JTO&obs=,
DeDeKale,DeDeKale #4609,"https://raithos.github.io/?f=Galactic%20Republic&d=v8ZsZ200Z318XW101W105Y314X199WW201WY365XWWWWWWY322XWWW135&sn=DeDeKale%20JTO&obs=coreasteroid5,core2asteroid4,core2asteroid5",
Bradley Ho,Pandarchon#2264,"https://raithos.github.io/?f=Rebel%20Alliance&d=v8ZsZ200Z72X125WWW4W167Y63X134W111W138W19W59WW76W148Y69XW46WWW&sn=Bradley%20Ho%20JTO&obs=gascloud1,gascloud2,gascloud3",
AndreasT,Calitoolman,https://raithos.github.io/?f=Galactic%20Republic&d=v8ZsZ200Z363XW134WWWWY338XW136WWWWY273XWW200WY319XW&sn=Andreas%20Tolman%20JTO&obs=,
RecklessKat,RecklessKat#8144,https://raithos.github.io/?f=Galactic%20Empire&d=v8ZsZ200Z203X118W134W311W101WW235W68WY181X124W164WY179X126W106W165&sn=Katherine%20CR%20JTO&obs=,
RogueBlaster2400,RogueBlaster2400 (Anthony)#4105,https://raithos.github.io/?f=First%20Order&d=v8ZsZ200Z397XWWW88WW247Y384X319W202W102W166Y290XWY381X181WWW&sn=RogueBlaster2400%20JTO&obs=,
Red-FISH-,Red-FISH- (#2788),https://raithos.github.io/?f=Galactic%20Republic&d=v8ZsZ200Z313XWW200WY323XW233W135Y322X115WWW136Y340X133WWWW226W&sn=Zach%20Mertens%20JTO&obs=,
Raph,Raph#2034,https://raithos.github.io/?f=Rebel%20Alliance&d=v8ZsZ200Z45XWWWWWWY21XWWWWY18XWWW81W46WWW&sn=Carson%20Hopper%20JTO&obs=,
YellowJacketPym,YellowJacketPym#6855,https://raithos.github.io/?f=Rebel%20Alliance&d=v8ZsZ200Z43XW102WW23W52W110W166W154Y14XWY21XWWWW&sn=Lando%20and%20the%20Boys&obs=,
JBark,Joe B#7837,https://raithos.github.io/?f=Scum%20and%20Villainy&d=v8ZsZ200Z302XWY110XWW48WW110WY249XWY158XWWWY90XW311WWWWWW&sn=JBark%20-%20Jank%20Tourney&obs=,
@boulton,Bozzer#3700,https://raithos.github.io/?f=Galactic%20Empire&d=v8ZsZ200Z225X133W109Y186X26WW165Y219XWY218XWY189XWW311WWW&sn=Alex%20Boulton%20JTO&obs=,
Isophane,Isophane (daniel lim)#7272,https://raithos.github.io/?f=Rebel%20Alliance&d=v8ZsZ200Z50XWWY55XWWY69XWWWWY61XWWWW58WW110WW&sn=Daniel%20Lim%20JTO&obs=,
Hunter Borys,hnnyborbor (#3850),https://raithos.github.io/?f=Rebel%20Alliance&d=v8ZsZ200Z20X134W99WWWW235WWY12XWWWWW142Y58XWWWY55XW99W&sn=Hunter%20Borys%20JTO&obs=,
Ross,vetamur#1162,https://raithos.github.io/?f=Scum%20and%20Villainy&d=v8ZsZ200Z249X256WY120XW98W93WW108WY150X115W113WW236WY112X126W45WWWWW&sn=ross.jank&obs=,
Spoon11fas,Jonas Th’por#9183,"https://raithos.github.io/?f=Rebel%20Alliance&d=v8ZsZ200Z24XW134W5W105Y14XWY73XW112W232WWWW313Y48XWW46WWW&sn=John%20Witherspoon%20JTO&obs=coreasteroid4,coreasteroid5,core2asteroid5",
Ben,User#6300,https://raithos.github.io/?f=Rebel%20Alliance&d=v8ZsZ200Z46XW70WWWWY61XWWWW58WWWWY44XWWWWWWW&sn=Ben%20Harding%20JTO&obs=,
CaptainSebastian,CaptainSebastian#1709,https://raithos.github.io/?f=Resistance&d=v8ZsZ200Z387X126W122W102WY345X125W186W230WY347XWWW243WWWY252XWW109W175WW171W100&sn=Turret%20Outmaneuver%3F%20Is%20that...Legal%3F&obs=,
cmoney,cmoney#3209,"https://raithos.github.io/?f=First%20Order&d=v8ZsZ200Z381X117W186WW165Y397X133W178W99W86W112WY235XWWY268XW&sn=cmoney%20JTO&obs=gascloud4,gascloud5,gascloud6",
tomasz,szyszaka#4608,https://raithos.github.io/?f=Galactic%20Empire&d=v8ZsZ200Z196XW111W232W100Y191XWWW99WW235WWY225XW&sn=tomasz%20szyszka%20JTO&obs=,
defkhan1,Hasan#3327,https://raithos.github.io/?f=Galactic%20Empire&d=v8ZsZ200Z207XWW97WWW70WWY166X113WWWW110WY224XWY173XWWW105&sn=Hasan%20Khan%20JTO&obs=,
GoldenTiger5,GoldenTiger5#1778,https://raithos.github.io/?f=Separatist%20Alliance&d=v8ZsZ200Z344XW223WW229Y343XW208WY357X127W133Y353X116Y310X100WW&sn=Chandler%20Ha-%20JTO&obs=,
Greg Smith,unclepatchie (user#5608) ,https://raithos.github.io/?f=Rebel%20Alliance&d=v8ZsZ200Z67X72WWWW167Y23XWWWWY27XW138WW7WWWY3XWW2WW142&sn=Unnamed%20Squadron&obs=,
Travis,Travis W#2268,https://raithos.github.io/?f=Scum%20and%20Villainy&d=v8ZsZ200Z121XWW93WWWY230X48WWWWW156Y85XW138WWWWWWY120XWWWWW&sn=William%20Wooldridge%20JTO&obs=,
Willhaigwood ,Killerbeardhawk #0037,https://raithos.github.io/?f=First%20Order&d=v8ZsZ200Z289XWW53W183WW232WWY290X177WY397XWW101WWWY259XWW182WW&sn=Willhaigwood%20jto&obs=,
Ryan Costello,TheManchiken,https://raithos.github.io/?f=First%20Order&d=v8ZsZ200Z266XWWY283XWWWY386X186WWY384XWWW&sn=Ryan%20Costello%20JTO&obs=,
Nic Harris,Nic Firecast#5648,"https://raithos.github.io/?f=First%20Order&d=v8ZsZ200Z384X256WWWY385XW202W99WW113WY286XWWY242XWWW182WW&sn=Nic%20Harris%20JTO&obs=gascloud1,gascloud2,gascloud3",
throwdownhorton,throwdownhorton #0463,https://raithos.github.io/?f=Galactic%20Empire&d=v8ZsZ200Z198XWWY213XWWY176XWWY193XW234WWWW69WW&sn=Aaron%20Pa_%20JTO&obs=,
Korp Reideick,Korp Reideick (User #1940),"https://raithos.github.io/?f=Galactic%20Empire&d=v8ZsZ200Z201X126W114WW108Y181X126WWY183XWWWY176XWW105&sn=Korp%20Reideick%20JTO&obs=coreasteroid5,core2asteroid4,core2asteroid5",
Noah Hallett,TROGDOR#7623,"https://raithos.github.io/?f=Scum%20and%20Villainy&d=v8ZsZ200Z102XY112XWWW91WWW156Y159XWWY120X126WWWWWY159XWW&sn=Noah%20Hallett%20JTO&obs=coreasteroid0,coreasteroid1,coreasteroid2",
Scott Collins,Burning_Stick.exe#1138,https://raithos.github.io/?f=Galactic%20Empire&d=v8ZsZ200Z195X256W240W232WY169X199W240WY162X133WWW100WW144W&sn=Scott%20Collins%20JTO&obs=,
Dom,Dom_88#8162,https://raithos.github.io/?f=First%20Order&d=v8ZsZ200Z281XWW180WWW11W113WY288XWW179WWWWW166Y383X181WWW&sn=Angry%20Kylo&obs=,
evcameron,evcameron#5354,https://raithos.github.io/?f=Galactic%20Republic&d=v8ZsZ200Z341X134W32W227WWY314X74W5W200WY316XW311WY320XWW&sn=Evan%20Cameron%20JTO&obs=,
FlyingKiwi,flyingkiwi#3739,"https://raithos.github.io/?f=Scum%20and%20Villainy&d=v8ZsZ200Z89XW311W48WWW95WW152Y400X134WW43WWWWY110XWWWWWY248XW&sn=David%20Rowley%20JTO&obs=coreasteroid5,core2asteroid4,core2asteroid5",
Matt,machommcan#6185,https://raithos.github.io/?f=Rebel%20Alliance&d=v8ZsZ200Z80XWWWW3WY69XWWWWY36XWW54WWW140Y60XWW&sn=Matt%20Ca-%20JTO&obs=,
afishisborn,afishisborn#6166,"https://raithos.github.io/?f=First%20Order&d=v8ZsZ200Z286XW234WY381X124WWW166Y386X178WW102&sn=Nick%20Miller%20JTO&obs=coreasteroid5,core2asteroid4,core2asteroid5",
K-Rock,Kris Erickson #4082,"https://raithos.github.io/?f=Resistance&d=v8ZsZ200Z245XW99W173WWWWWY380XW205WW104WW315Y351XW206WWWWW312WY377XWWWWWW&sn=Kris%20Erickson%20(JTO)&obs=gascloud3,gascloud4,gascloud5",
Katahdin44,Katahdin44,https://raithos.github.io/?f=Scum%20and%20Villainy&d=v8ZsZ200Z89X121W102W30WW83WW106W152Y135X116WWY138XW232Y398XWWW164Y94X127WW&sn=Sam%20McLain%20JTO&obs=,
therockercrocker,Swampy,https://raithos.github.io/?f=Scum%20and%20Villainy&d=v8ZsZ200Z88XWW79W9WWWY93XWWY81XW112WWW317WWW151Y85X124W137WWWW70WW&sn=Ryan%20Crocker%20JTO&obs=,
Reckless,Nelly#5010,https://raithos.github.io/?f=Galactic%20Republic&d=v8ZsZ200Z322XW240W226W234Y280XW37WWWY317X127WW249Y331XW240W214W&sn=David%20Chabot%20JTO&obs=,
Rorer ,Rorer#3589,"https://raithos.github.io/?f=Resistance&d=v8ZsZ200Z352XW13W135W192WWWY379X100WW310WWW315Y250X113W177WWWWWWY257XWWW175WWW&sn=Rory%20Wilson%20JTO&obs=coreasteroid1,coreasteroid2,coreasteroid3",
ketchupman,ketchupman#3639,"https://raithos.github.io/?f=Scum%20and%20Villainy&d=v8ZsZ200Z120XWW93WWWY150XWWWW163WY94X127WWY141XWWWW106Y133XWW&sn=Joe%20Detchemendy%20JTO&obs=coreasteroid5,gascloud2,gascloud5",
andy steel,steelwraith#5209,https://raithos.github.io/?f=Resistance&d=v8ZsZ200Z349XW178WWY352XWW234WWWWY377X132WWWWWWY246XW102WWW187WWW&sn=andy%20steel%20JTO&obs=core2asteroid0,
Runningtargetnz ,Runningtargetnz ,"https://raithos.github.io/?f=Galactic%20Republic&d=v8ZsZ200Z363X138WWWWWY276XW213WWY341XWWWWY318XWWY322XWWW&sn=Runningtargetnz%20(JTO)&obs=coreasteroid0,core2asteroid0,core2asteroid2",
Kriegzilla,Kriegzilla#6356,https://raithos.github.io/?f=Separatist%20Alliance&d=v8ZsZ200Z344X126W222WW229Y343X224WWY335XW10W136W59WWWW216WY326XWW70WW&sn=Ian%20Campbell%20JTO&obs=,
muska4783,Josh Addington#0119,https://raithos.github.io/?f=Scum%20and%20Villainy&d=v8ZsZ200Z142XW16WWWY100X122W134Y159X100WWY247X121WY146XWWWWWW&sn=Josh%20Addington%20JTO&obs=,
SirDunkirk,SirDunkirk#6273,https://raithos.github.io/?f=Scum%20and%20Villainy&d=v8ZsZ200Z122XWWW166WY249X121WY118X234WWWWWWY93XWWY140XWWW70WW&sn=Zach%20Righetti%20JTO&obs=,
Phill0091,#8108,https://raithos.github.io/?f=First%20Order&d=v8ZsZ200Z242XW178W102WW113W164Y264X133W186WY283XW186WWY267XW178W&sn=Phillip%20Pond%20JTO&obs=,
cubsfan4life ,cubsfan4life,https://raithos.github.io/?f=Separatist%20Alliance&d=v8ZsZ200Z356XWY308XW207W229Y325XW71WW165W237Y326X135W224WWW237Y337XWW&sn=cubsfan4life%20jank%20tank%20squad&obs=,
Cradossk,Cradossk#7116,"https://raithos.github.io/?f=Galactic%20Republic&d=v8ZsZ200Z340X133W134WW227W4W236Y341X134WWW214W166Y275XW2W201W105&sn=Michael%20King%20JTO&obs=gascloud4,gascloud5,gascloud6",
CatherineNyxsera,Nyxsera / Areum / Catherine #9529,https://raithos.github.io/?f=First%20Order&d=v8ZsZ200Z397X118WW99WW240WY238XWW194WWWWWY251X206WWWWW10WW&sn=CatherineNyxsera%20JTO&obs=,
Nemes Balázs,ZombiMokus#3097,https://raithos.github.io/?f=Resistance&d=v8ZsZ200Z380X102W197W94W109W104W315Y270X123W124W98WY245X256WW173W191WWWW193&sn=Nemes%20Bal%C3%A1zs%20JTO&obs=,
Biggsy,Bigg54,https://raithos.github.io/?f=First%20Order&d=v8ZsZ200Z242XWWWWW166Y243XWWW182WW106Y266XWWY288XWWWWWWW&sn=Nick%20Allard%20JTO&obs=,
Jeff Mc,#8987,"https://raithos.github.io/?f=Galactic%20Republic&d=v8ZsZ200Z321X102WY314X73W6W200WY332X123W112W241W234Y363X138WWW2WW&sn=Jeff%20McClain%20JTO&obs=coreasteroid2,coreasteroid3,coreasteroid5",
Paul Owen,Full On (#3851),https://raithos.github.io/?f=Galactic%20Empire&d=v8ZsZ200Z181X128WWY190X137W102WWWY186XW14W109Y224XWY178XW311W&sn=Paul%20Owen%20JTO&obs=,
Bizze,Bizze #3009,"https://raithos.github.io/?f=Rebel%20Alliance&d=v8ZsZ200Z51X126W122WY25XW138WWWW316W90Y46XW71WW105WWY38XWWWWW140&sn=Johan%20Bisenius%20JTO&obs=coreasteroid5,core2asteroid4,core2asteroid5",
Beautifulleif ,Usualleif ,https://raithos.github.io/?f=Rebel%20Alliance&d=v8ZsZ200Z12XW122WWW164W142Y73XWW12WW135WW313Y67X73WW166WWY53X256W&sn=Leif%20Tangstad%20jto&obs=,
Cory Noel,Cory#9783,"https://raithos.github.io/?f=Galactic%20Republic&d=v8ZsZ200Z360XW138W136W76W5WW236Y332X117WWW135Y323XW4W136Y316XWW108&sn=Cory%20Noel%20JTO&obs=coreasteroid5,yt2400debris0,core2asteroid5",
Minishe,User#9729,https://raithos.github.io/?f=Scum%20and%20Villainy&d=v8ZsZ200Z90XW102WWWWWWY108XWWWWWWY126X132WWWWW160&sn=Jacqueline%20Mitchell%20JTO&obs=,
Ian,Daith#8485,https://raithos.github.io/?f=Rebel%20Alliance&d=v8ZsZ200Z43XWW90W52WW236WWY21XW111WWWY56XWW&sn=Ian%20Becker%20JTO&obs=,
roshow,roshow#7011,https://raithos.github.io/?f=Galactic%20Empire&d=v8ZsZ200Z182XWY395X116WW71WY192X114W135W98W102WW317WWY166XWW14WWW&sn=Rolando%20Garcia%20JTO&obs=,
desco34_NES,desco34#8474,https://raithos.github.io/?f=Galactic%20Republic&d=v8ZsZ200Z320X127W99W164Y313XW6W201W164Y364X118W137W135WW6WWY318XWW&sn=Marco%20de%20Scordilli%20Jank%20Squad&obs=,
Stormalong,Stormalong#7810,"https://raithos.github.io/?f=Resistance&d=v8ZsZ200Z345X132W178WWY348XWWY300X117WW99W186Y347XW232WW244WWWY379XWW310WWW&sn=Thomas%20Wittenberg%20JTO&obs=gascloud1,gascloud4,gascloud6",
Eruletho,Eruletho #9471,"https://raithos.github.io/?f=Galactic%20Republic&d=v8ZsZ200Z331X116WW241W234Y339XWW88WW247Y322XWWW136Y316XWW&sn=Eruletho%20JTO&obs=coreasteroid5,yt2400debris2,core2asteroid5",
bjmorrissey,Brendan Morrissey #2102,"https://raithos.github.io/?f=First%20Order&d=v8ZsZ200Z397X126WW102WWWY268XWY281XWW183WWWWW166Y266X126W177W&sn=Brendan%20Morrissey%20JTO&obs=coreasteroid2,coreasteroid5,core2asteroid3",
JBeck,CrayolaCarl#8143,https://raithos.github.io/?f=Resistance&d=v8ZsZ200Z271X122WW98W206Y380X102W4W310W108W106W315Y252X127W197W215W175WW171WY350XW178W54W&sn=Jared%20Becker%20JTO&obs=,
thelogicdump,thelogicdump#3127,https://raithos.github.io/?f=Resistance&d=v8ZsZ200Z348XWWY258XWW175WWWY244XWW191W192W174WWWY300XWWW206&sn=Tim%20Horsburgh%20JTO&obs=,
DAG Ken,RicoMcVain,"https://raithos.github.io/?f=Separatist%20Alliance&d=v8ZsZ200Z307XW108W229Y326X234WW316WW237Y358X131WY311X98WW236Y343X101WW&sn=Kenneth%20Scher%20JTO&obs=coreasteroid3,core2asteroid4,gascloud2",
JonBabcock,Babs#3769,https://raithos.github.io/?f=First%20Order&d=v8ZsZ200Z259XWWWWY251X318W185W184WWW232WWY382X319W178WW&sn=Jon%20Babcock%20JTO&obs=,
No Pickles ,Des Darklighter,https://raithos.github.io/?f=Galactic%20Republic&d=v8ZsZ200Z275XWWWY313XWW200WY321X101WY363XWWWWWY342XWW53WWW&sn=Janky%20Jedi&obs=,
Merrick,Frenzy#0680,https://raithos.github.io/?f=Galactic%20Empire&d=v8ZsZ200Z162X126W114W135WW108W144WY186X49WWY183XWWWY188X256W138W102WWW&sn=Merrick%20Kemp%20JTO&obs=,
Johnn Crane,Johnn#9481,"https://raithos.github.io/?f=First%20Order&d=v8ZsZ200Z290XW164Y251X318W206WW183WW232W113WY286XWWY269XW&sn=Johnn%20Crane%20JTO&obs=gascloud1,gascloud4,gascloud5",
PorgLeader,PorgLeader (#5484),https://raithos.github.io/?f=Scum%20and%20Villainy&d=v8ZsZ200Z141X206W37WWWY147XW240WWW163WY151XWWWY93XW61W&sn=Eric%20Small%20JTO&obs=,
FanKiyoshi,FanKiyoshi#7460,https://raithos.github.io/?f=Resistance&d=v8ZsZ200Z293XWW53W187WW70WWY346XWWW54WW190W106Y257XWWW175WWWY349XWWW&sn=Fan%20Kiyoshi%20JTO&obs=,
NaKoaLani,NaKoaLani,"https://raithos.github.io/?f=Galactic%20Empire&d=v8ZsZ200Z209X122W82W68WY215X124W234W60W61WWW317WW147Y228X&sn=Jonathan%20Goeres%20JTO&obs=coreasteroid3,coreasteroid4,coreasteroid5",
Punkheadphones,Punkheadphones#2961,https://raithos.github.io/?f=Rebel%20Alliance&d=v8ZsZ200Z18X234W102WWWW317W71WY46XWWW164WW156Y50XWWY49XWWWW&sn=Nathaniel%20Moore%20JTO&obs=,
GlaDos,GlaDos,https://raithos.github.io/?f=First%20Order&d=v8ZsZ200Z263X181WWY288X186WW183W30WW13WWY261X206WY384XWW102W165&sn=Eric%20Maynard%20JTO&obs=,
GamblerTuba,GamblerTuba#9716,"https://raithos.github.io/?f=Rebel%20Alliance&d=v8ZsZ200Z75XW113W13W12WW106W313Y62XW111WW137W21W314WW90W148Y55X132WW&sn=PeterRoseJTO&obs=coreasteroid3,core2asteroid3,core2asteroid4",
ChunkyWeevil,ChunkyWeevil,https://raithos.github.io/?f=Resistance&d=v8ZsZ200Z292XWW246WWW316WWY351XWWWWWWWY349XWWWY346XWWW191WWWY380XWWWWW&sn=Cailean%20Pritchard%20JTO&obs=,
OmegaLeader,EbutKnil#1305,https://raithos.github.io/?f=First%20Order&d=v8ZsZ200Z261XW164Y382X132WWW236Y235X131WWY259X177WWWWY263XWW&sn=Christopher%20Spenner%20JTO&obs=,
Jek,Jek#3618,"https://raithos.github.io/?f=Galactic%20Empire&d=v8ZsZ200Z190XW101WWW166Y203XW234WWWW71WWY211X124WW70W165Y164X240W135WWW139WW&sn=Matt%20Latall%20JTO&obs=coreasteroid5,yt2400debris0,yt2400debris1",
Dundenman,Macr_Windu#0321,https://raithos.github.io/?f=Galactic%20Republic&d=v8ZsZ200Z361X138W234W86WWW106Y331XW112W226W136Y277XWWWY341XW53WWW&sn=Random%20Squad&obs=,
designflaw,designflaw#9775,https://raithos.github.io/?f=Rebel%20Alliance&d=v8ZsZ200Z72XW46WW2WY64X134WWWWW236W88WY41XWWWWW&sn=designflaw%20JTO&obs=,
Finsdale,Finsdale#7172,"https://raithos.github.io/?f=Scum%20and%20Villainy&d=v8ZsZ200Z109XW240W42W95W164W155W13Y156X133W100W92W109Y93XW62WY247XWY248XW&sn=Tyler%20Duree%20JTO&obs=coreasteroid5,core2asteroid4,core2asteroid5",
oiseaux,oiseaux#5895,https://raithos.github.io/?f=Galactic%20Empire&d=v8ZsZ200Z161XW240W234W99W104W139WWY188X132W138W311WW82W165Y164X113W136WWW144W13Y208XWWWWWW&sn=Nick%20Rochow%20JTO&obs=,
Revanchistexile,Revanchistexile#0173,https://raithos.github.io/?f=First%20Order&d=v8ZsZ200Z284X122WWW100Y263X319WWY286X186W135WY242XWWWWW&sn=Fo%20Jank&obs=,
mrdeeds,liongkers,"https://raithos.github.io/?f=Rebel%20Alliance&d=v8ZsZ200Z39XWWW44WW157WY66XWWWW167Y34XWWWWW140W&sn=mrdeeds%20list&obs=yt2400debris0,yt2400debris1,yt2400debris2",
Hobologist,Hobologist#4421,"https://raithos.github.io/?f=Scum%20and%20Villainy&d=v8ZsZ200Z122X102WWWWY84XWW12WW71WWWY88XWWWWWWY119XW98WWWW&sn=Space%20Rats&obs=gascloud1,gascloud2,gascloud3",
RJ 7,Rhys James (#9551),"https://raithos.github.io/?f=Scum%20and%20Villainy&d=v8ZsZ200Z90X122W102W36W63W79W93W107WY109XWWW95W103W155WY150XW112W134WW&sn=Rhys%20James%20JTO&obs=yt2400debris0,yt2400debris2,vt49decimatordebris1",
SheevPhx,Sheev#9487,https://raithos.github.io/?f=Galactic%20Empire&d=v8ZsZ200Z201X133W113W76W249Y181X124WWY184XWWWY175XW240WW&sn=Daniel%20Sheev%20JTO&obs=,
Dan,LibsonBaby#3308,https://raithos.github.io/?f=Galactic%20Empire&d=v8ZsZ200Z185X28W26W165Y198XW10W311Y168XWW24W37WW&sn=Dan%20Mercer%20JTO&obs=,
Jamatang,Jamatang#5839,"https://raithos.github.io/?f=Rebel%20Alliance&d=v8ZsZ200Z46XWW18WWW156Y61XW111WWWWWWW148Y67XW19WW138W&sn=James%20O%27Donoghue%20JTO&obs=gascloud1,gascloud2,gascloud3",
Zerotorque84,zerotorque84-dave#0151,https://raithos.github.io/?f=Rebel%20Alliance&d=v8ZsZ200Z6XWWWW142Y55X132WWY25XWWW3WWWY63XW113WWWWWW&sn=David%20Burger%20JTO&obs=,
Wrecker,Wrecker#2531,https://raithos.github.io/?f=Galactic%20Empire&d=v8ZsZ200Z189X133W138W99WWWY202XWW249Y228XY216XW26W49WWWWW&sn=Yan%20Picard%20JTO&obs=,
PorgHealy,Dead1yPorg#0208,https://raithos.github.io/?f=Scum%20and%20Villainy&d=v8ZsZ200Z117XW136W12W36W80WWWY105X115W232W99W47WWWW153WY141X206WWWW&sn=Jarrad%20Healy%20JTO&obs=,
RangdaBangda,RangdaBangda#5706,https://raithos.github.io/?f=Resistance&d=v8ZsZ200Z296X195WW175W198WWY253XW2WW175WWWY244XWWWW174WWW&sn=RangdaBangda%20JTO&obs=,
rearview,Rearview,https://raithos.github.io/?f=First%20Order&d=v8ZsZ200Z382X116WWWY263XW186W236Y259X202WWW114WY289XWW37WWWWW108&sn=Eric%20Dignard%20JTO&obs=,
ilov3cupcak3s,ilov3cupcak3s #1392,https://raithos.github.io/?f=Scum%20and%20Villainy&d=v8ZsZ200Z400XW10WWW96WWY88X137WWW2W316WWY115XWWWWWWW159WY130XWWWWW&sn=ilov3cupcak3s%20JTO&obs=,
Shadow1,Shadow1,"https://raithos.github.io/?f=Scum%20and%20Villainy&d=v8ZsZ200Z158XWWWY110XWW55W96WW155WY121X118WW93WWWY122XWWWWY157XWWW&sn=Marek%20Marcinkiewicz%20JTO&obs=coreasteroid5,core2asteroid1,core2asteroid5",
Jef Dynasty,Jef Dynasty #1082,https://raithos.github.io/?f=First%20Order&d=v8ZsZ200Z267X122WW105Y233XW186WY267X131W206WY237X126WWW102&sn=Jeff%20Wake%20JTO&obs=,
Michael Spin,Spinner#3228,"https://raithos.github.io/?f=Rebel%20Alliance&d=v8ZsZ200Z55X122WWY21XWWW2WY36XWW46WWW140Y54XWW&sn=Mike%20Spin%20JTO&obs=gascloud1,gascloud2,gascloud3",
WesleyvW,BoxerlessBossk#6038,https://raithos.github.io/?f=Scum%20and%20Villainy&d=v8ZsZ200Z156X132W101W93W236Y85X116W138W234WW1WW95WY143X206WW71WWY158XWWWY247XW&sn=Wesley%20van%20Wensen%20JTO&obs=,
intoxicatedALF,intoxicatedALF#1186,https://raithos.github.io/?f=Separatist%20Alliance&d=v8ZsZ200Z358X115WY325XW70WW236WY335XWWW217WWWWWY327XWWWW237Y327XWWWW&sn=Aaron%20Furminger%20JTO&obs=,
Ajay2017,Ajay2017#8782,"https://raithos.github.io/?f=Scum%20and%20Villainy&d=v8ZsZ200Z129XW135WW9W93W165Y149XWW135WW163WY154XW11W100WW62WWW106W&sn=Ion%20Madness&obs=coreasteroid0,coreasteroid1,coreasteroid2",
RebelRogue,RebelRogue #2624,https://raithos.github.io/?f=First%20Order&d=v8ZsZ200Z287X125WWW102Y285X126WWWW112WY384XWWWY397XW206WWWW&sn=Adam%20Nieting%20JTO&obs=,
DanMcCarthy326,madmc326#8558,https://raithos.github.io/?f=Galactic%20Republic&d=v8ZsZ200Z280X136W59WWW106Y313X250WW201WY323X113W241W136&sn=Dan%20McCarthy%20JTO&obs=,
sappitytappity,sappity#6947,https://raithos.github.io/?f=Scum%20and%20Villainy&d=v8ZsZ200Z149X126W111W135W249WY143X178WWW95W108Y95X118W45WY159XW95WY248XW&sn=Dylan%20Emde%20JTO&obs=,
geedogjones,geedogjones,"https://raithos.github.io/?f=Separatist%20Alliance&d=v8ZsZ200Z306X124WW207WY328XW223W164WY311XWWY358XWY329XWW224WW&sn=geedogjonesjto&obs=coreasteroid5,vt49decimatordebris2,gascloud1",
Lysander,Lybo,https://raithos.github.io/?f=Resistance&d=v8ZsZ200Z299XW2W164W175WW171WY347X186WWW61WWWY256XW5WW175W186WW11Y345XWWW&sn=Lysander&obs=,
CrazyVulcan,CrazyVulcan#1781,https://raithos.github.io/?f=Resistance&d=v8ZsZ200Z351X122WW11W234W244WW196W106Y380XWWWWWY352XWWW192W191WWY254XWW175WWW&sn=Christopher%20Peters%20JTO&obs=,
BobbyMoose,BobbyMoose#1331,https://raithos.github.io/?f=First%20Order&d=v8ZsZ200Z261XWY385X126WWW88W240W166Y263XW206W165Y259XWW182WWY265XW&sn=Vincent%20Hamelin%20JTO&obs=,
JM,Nutano#3205,https://raithos.github.io/?f=Resistance&d=v8ZsZ200Z250XWW231WWWWWY245XWWWWWWWY301XWWY350XWW54W&sn=JM%20JTO&obs=,
Ethan421,fuckface (User#3781),https://raithos.github.io/?f=Galactic%20Empire&d=v8ZsZ200Z214XWWWWWW316WWY196XWWWY207XWW100WWWWW&sn=Ethan421%20JTO&obs=,
Paul Johnson NZ,Paul Johnson NZ,https://raithos.github.io/?f=Rebel%20Alliance&d=v8ZsZ200Z63XWW137W58WWWW148Y71XWWW4W167Y69XWWWWY49XWWWW&sn=Paul%20Johnson%20JTO&obs=,
gadwag,gadwag#1395,https://raithos.github.io/?f=Separatist%20Alliance&d=v8ZsZ200Z272XWW234W218WWWW216WY324X234WW70WWY307XW207WY327XWW221WW&sn=Daniel%20Smith%20JTO&obs=,
Dan,ddsunder#9812,"https://raithos.github.io/?f=Rebel%20Alliance&d=v8ZsZ200Z15XY392XWWW137W59WWW81W148Y69X116WWW0W167Y55XWW&sn=Dan%20JTO%20Rebel&obs=gascloud1,gascloud2,gascloud6",
bulegar ,Bulegar,"https://raithos.github.io/?f=Resistance&d=v8ZsZ200Z244XWW30W245W189WW164W193Y239X122W124WWY380XWWW165WWY380XWWWWW&sn=Carlo%20Veltri%20JTO&obs=coreasteroid0,vt49decimatordebris2,core2asteroid0",
VictoryOfEagles,User#8801,"https://raithos.github.io/?f=Scum%20and%20Villainy&d=v8ZsZ200Z119X118W100W94WW236WY103XWW311WWWWW153W85Y156XWWW&sn=%5BCurtis%20B%20JTO%5D&obs=gascloud1,gascloud2,gascloud6",
Jeremy Wilson,Kanosh#5821,"https://raithos.github.io/?f=First%20Order&d=v8ZsZ200Z285X125WW101W86W240WY289X206WW30WWWWWY233X123WWY268XW&sn=Jeremy%20Wilson%20JTO&obs=vt49decimatordebris1,vt49decimatordebris2,core2asteroid2",
PhilK,pakirby#0989,https://raithos.github.io/?f=Galactic%20Empire&d=v8ZsZ200Z185X50WW164Y394XWW311Y217XWY205XW135WWWW69WW&sn=Phil%20Kirby%20JTO&obs=,
xray8763,Xray8763#7766,https://raithos.github.io/?f=Galactic%20Empire&d=v8ZsZ200Z174XWW102W108Y185X34WW249Y175XW111WWY177XWWW&sn=Ray%20Wickham%20JTO&obs=,
Darth Natcho,darth natcho #0511,https://raithos.github.io/?f=First%20Order&d=v8ZsZ200Z288X318WW30W194WW11W240WY235X181W206WY397XWW101W182WWY268XW&sn=Jerry%20Hoult%20JTO&obs=,
Bromak,User#8849,https://raithos.github.io/?f=Resistance&d=v8ZsZ200Z297XW312WW175WWWY246X124WWWWWWWY387XWWWY348XW230W&sn=Charlie%20Ligato%20JTO&obs=,
Bigfoot,Bigfoot18#2271,https://raithos.github.io/?f=Galactic%20Republic&d=v8ZsZ200Z277X74W233WWY277XWW201W211Y274XW6W200WY332XWWW&sn=Michael%20Langley%20JTO&obs=,
Doug,flyersfors21#0449,https://raithos.github.io/?f=Separatist%20Alliance&d=v8ZsZ200Z335X124W232WW37WW317WWWY344XW223WW229Y325XWWW106WY343XW208WY310X224WW&sn=Douglas%20Foglein%20JTO&obs=,
Wurms,Wurms,https://raithos.github.io/?f=First%20Order&d=v8ZsZ200Z262XWWY233XWWY384XWWWY261X177WY397XWW99WWW&sn=Patrick%20Hanson%20JTO&obs=,
Skywatcher1138,Alfred_S#1919,"https://raithos.github.io/?f=Scum%20and%20Villainy&d=v8ZsZ200Z92X99W43W16WWW110W152Y127X127W48WWW108WY116X131WWWWWWW159W&sn=Alfred%20Schnabel%20JTO&obs=vt49decimatordebris1,vt49decimatordebris2,core2asteroid2",
SciFighter,SciFighter6958,"https://raithos.github.io/?f=Galactic%20Empire&d=v8ZsZ200Z187XWWWWWY209XWWWY211XWWWY214XWWWWWWWW147&sn=Jankdown&obs=core2asteroid0,core2asteroid1,core2asteroid2",
BRIAN TWIGG,eltwigg#9413,"https://raithos.github.io/?f=Rebel%20Alliance&d=v8ZsZ200Z52XW127W101Y18XW311WWWWW71W166Y21XW112WWWY68XWWW&sn=Brian%20Terwilliger%20JTO&obs=coreasteroid5,core2asteroid4,core2asteroid5",
brien,brien robles-slim (CST)#3491,https://raithos.github.io/?f=Galactic%20Empire&d=v8ZsZ200Z161X127WW136W98W104WY168XW12WWW164W162Y169X250WWY229X&sn=Brien%20Robles%20JTO&obs=,
Fengel,Fengel#3076,https://raithos.github.io/?f=Galactic%20Empire&d=v8ZsZ200Z170X74WWY180XWWY204XWW98WWWWWY168XWW27WW165W162&sn=Frank%20Fengel%20JTO&obs=,
Herschet,Herschet#3836,https://raithos.github.io/?f=Rebel%20Alliance&d=v8ZsZ200Z24XW234WWY27X116W137W136WW164W68WY54XW102W166Y15X&sn=Random%20Squad&obs=,
Toast,ButteredToast#8878,https://raithos.github.io/?f=First%20Order&d=v8ZsZ200Z384X125W177W101WY266XWWY259XWW76WWY287XW186WW311&sn=Toast%20JTO&obs=,
Brack Daddy,Brack Daddy#3493,https://raithos.github.io/?f=Galactic%20Empire&d=v8ZsZ200Z209X132WW70WY191XW134W101WWW68WW110Y201X124W113W82W166&sn=Brack%20Lee%20JTO&obs=,
TruksonSWE,Trukson,"https://raithos.github.io/?f=Galactic%20Empire&d=v8ZsZ200Z186X33W15W165Y207XWW238WWW69W316W109Y199X126W111W82W&sn=Elias%20Holmgren%20JTO&obs=coreasteroid5,core2asteroid4,core2asteroid5",
NickArrow,NickArrow,"https://raithos.github.io/?f=Separatist%20Alliance&d=v8ZsZ200Z326X134WWW109WY311XW208W236Y334XWW134WWWWW216W222Y308XWW&sn=NickArrowJTO&obs=yt2400debris0,yt2400debris1,yt2400debris2",
Jyico,Jyico#0658,"https://raithos.github.io/?f=First%20Order&d=v8ZsZ200Z242X256W178W99W182W112W106Y268X177WY289XWW184WW30W13W112W108&sn=Jyico%20JTO&obs=coreasteroid5,core2asteroid4,core2asteroid5",
JamaicanLumberjack,JamaicanLumberjack#8217,https://raithos.github.io/?f=Galactic%20Empire&d=v8ZsZ200Z211X133W82WW108Y169X251W114W98Y166X114W10W15WW109W162&sn=Michael%20Grieb%20JTO&obs=,
Steve,SteveTheFifth#3560,"https://raithos.github.io/?f=Resistance&d=v8ZsZ200Z379XW230WWWWY388XWWY378XWWWWWW315Y389XWWWWWWWWY380XWWWWW&sn=Colin%20Miner%20JTO&obs=vt49decimatordebris2,gascloud3,gascloud6",
Targaradude,Targaradude  #5346,https://raithos.github.io/?f=Galactic%20Republic&d=v8ZsZ200Z364X127W138W234WW6WW211Y319XWY318XW98WY360XW137W234WW4W71WY320XWW&sn=Charles%20Fletcher%20JTO&obs=,
dudeseph_____,boredompwndu#1271,https://raithos.github.io/?f=Scum%20and%20Villainy&d=v8ZsZ200Z140XW178W37W71WWY81XWWWWWWW151Y109XWWWWWY230X36WWWWW&sn=Tom%20Buis%20JTO&obs=,
black2710,Kenobi #6338,https://raithos.github.io/?f=Galactic%20Republic&d=v8ZsZ200Z323XWW234Y280X134WWWWY366XW138WWWWWY360XWW234WWWW105&sn=Black2710%20JTO&obs=,
donfonni,donfonni,"https://raithos.github.io/?f=Galactic%20Republic&d=v8ZsZ200Z323X113WW136Y274XW213W200WY342XWW254W89WWY362XWWWWWW&sn=donfonni%20JTO&obs=gascloud1,gascloud2,gascloud3",
Tyler E,CERPINTAXT#3454,"https://raithos.github.io/?f=Rebel%20Alliance&d=v8ZsZ200Z44X124WW88W41WWWW154Y66X116WWW137W167Y6XWW2W165W142&sn=Tyler%20E%20JTO&obs=coreasteroid5,core2asteroid4,core2asteroid5",
khellendros,#3649,https://raithos.github.io/?f=Galactic%20Republic&d=v8ZsZ200Z276X203W252W201W236Y362XW137W234W88W254W70W108Y317X115WWY318XWW108&sn=Geoff%20Frost%20JTO&obs=https://raithos.github.io/?f=Galactic%20Republic&d=v8ZsZ200Z276X203W252W201W236Y362XW137W234W88W254W70W108Y317X115WWY318XWW108&sn=Geoff%20Frost%20JTO&obs=,
DirtClod16,DirtClod,"https://raithos.github.io/?f=Rebel%20Alliance&d=v8ZsZ200Z76X240WWW134W249W313Y22XW113W136W5W165Y66X118W46WW138W&sn=Ben%20Pappas%20JTO&obs=coreasteroid5,core2asteroid1,core2asteroid3",
Admiral Kuna,admiralkuna#0803,https://raithos.github.io/?f=Separatist%20Alliance&d=v8ZsZ200Z272X203WWW32WWWWWY358XWY327XW311WWWY326X134WW70WW237&sn=Arkadiusz%20Kuna%20JTO&obs=,
Micheal[ZA],Micheal[ZA]#4506,"https://raithos.github.io/?f=Scum%20and%20Villainy&d=v8ZsZ200Z104X124WW100WW316WWW146W70Y399XWY125XWWWWW&sn=Micheal%20Wells%20JTO&obs=vt49decimatordebris0,gascloud1,gascloud6",
Martyn Chivers,Chivvy12#1777,"https://raithos.github.io/?f=Galactic%20Empire&d=v8ZsZ200Z169XW111W101Y184XW15WWY177XW240W311WY190XW97WWW&sn=Martyn%20Chivers%20JTO&obs=coreasteroid0,vt49decimatordebris2,gascloud4",
Dale Cromwell,CraftedRed#4028,https://raithos.github.io/?f=First%20Order&d=v8ZsZ200Z383X126WWWY397X122W186WW86W240WY289X186W185W183WWWWW&sn=Dale%20Cromwell%20JTO&obs=,
SpaceCakePorg,SpaceCakePorg,"https://raithos.github.io/?f=First%20Order&d=v8ZsZ200Z267X118W206W166Y251XWWWWWWWY243XWWW182WWY242XWWWWW&sn=Agata%20Pikulska%20JTO&obs=gascloud4,gascloud5,gascloud6",
BazAvJoes,BazAvJoes#0944,https://raithos.github.io/?f=Galactic%20Empire&d=v8ZsZ200Z189XWW102WWWY161X116WW135WWWY189X115WW101WWWY163XW240WW102WWY206XWWWW70WW&sn=Barrie%20Robertson%20JTO,
StevieB,StevieB9720,https://raithos.github.io/?f=Rebel%20Alliance&d=v8ZsZ200Z76XW11WWWWY75XWWWWWWY15X166Y72XWWWWY47XWW46WWW&sn=StevieB-Wings&obs=,
TC,Fishlegs (#7999),"https://raithos.github.io/?f=Scum%20and%20Villainy&d=v8ZsZ200Z156XWWW166Y302XW164Y113X122WWWWWW156Y152XWWW63WWWWW&sn=Tom%20Candlin%20JTO&obs=coreasteroid5,core2asteroid4,core2asteroid5",
MSA_JT_OPEN,MSA_JT_OPEN#9228,https://raithos.github.io/?f=Galactic%20Republic&d=v8ZsZ200Z273XW226W201WY341XWW89W2WY338X132WWWWW&sn=MSA_JTO&obs=,
JamietheBruce,JamietheBruce#0579,https://raithos.github.io/?f=Galactic%20Empire&d=v8ZsZ200Z188XWWWWWY195X128WW12WY207XWWWWWWWY183XW60WW&sn=Jamie%20Bruce%20JTO&obs=,
ESA_JT_OPEN,ESA_JT_OPEN#8513,https://raithos.github.io/?f=Rebel%20Alliance&d=v8ZsZ200Z23XWW234W4WY8XW134WWW142Y59XWW32WY57XW&sn=ESA_JTO&obs=,
Bremy,Bremy #0795,https://raithos.github.io/?f=Resistance&d=v8ZsZ200Z252X126W195W106W175W186WWY295XWWWWWWY244XWWWWWWW&sn=Christopher%20Bremner%20JTO&obs=,
Akurzen,Akurzen#7952,"https://raithos.github.io/?f=Galactic%20Empire&d=v8ZsZ200Z199X128W112WW164Y174X125W113W98WY224X132WY218XW249&sn=Sean%20Pohl%20JTO&obs=gascloud4,gascloud5,gascloud6",
Ben Doyle,Snootches#3650,https://raithos.github.io/?f=First%20Order&d=v8ZsZ200Z281X186W206WWWWWW106Y286XW234WY288X206WW183WWWWW&sn=Ben%20Doyle%20JTO&obs=,
ChopsNZ,Chops#4342,"https://raithos.github.io/?f=Rebel%20Alliance&d=v8ZsZ200Z78XW234W30W81W7WY22XW112WWWY26XW138WWWW69W88&sn=Simon%20Heath%20JTO&obs=coreasteroid5,core2asteroid4,core2asteroid5",
JVSfc,Kansascitian#1699,https://raithos.github.io/?f=Scum%20and%20Villainy&d=v8ZsZ200Z131X116WWWW95W110Y155XWWWWWWWY90X125WWWW80WWWY151XWWW&sn=Jonathan%20VanSickle%20JTO&obs=,
Timathius ,Timathius 5998,https://raithos.github.io/?f=Galactic%20Republic&d=v8ZsZ200Z361X138WWW213WWY331XWWW234Y341XWWW241WY366XW138W135W88WW70W&sn=Tim%20Hilton%20JTO&obs=,
Furious George,Furious George #4185 ,https://raithos.github.io/?f=Separatist%20Alliance&d=v8ZsZ200Z336XW136W54WW221WW216WY324X134W100WWWY337XWW106Y305XW223WW229&sn=It%27s%20my%20programming%20%3A(&obs=,
Azaghal,Azaghal#6224,https://raithos.github.io/?f=First%20Order&d=v8ZsZ200Z382X117W318W311WY383X117W177W98W166Y242XW186W100W86WW108&sn=FOaces&obs=,
Farreg,Farreg#1347,https://raithos.github.io/?f=Galactic%20Republic&d=v8ZsZ200Z333XW240W214WY277X250WWW247Y312XWWWY277X74WW201W&sn=Greg%20Farrell%20JTO&obs=,
CB,Snake#0625,"https://raithos.github.io/?f=Rebel%20Alliance&d=v8ZsZ200Z69X256WW164W5W167Y42XWWWW56WWWY75XWW232WWWW&sn=Christian%20Bonet%20JTO&obs=coreasteroid5,core2asteroid4,core2asteroid5",
Robbo,Robbo #3423,https://raithos.github.io/?f=Resistance&d=v8ZsZ200Z239X172WWWY379X98W173WW164WWY352XW13W136WWW6WY378XWW195WW104WW&sn=Robbie%20Connolly%20JTO&obs=,
JKLOL,JKLOL#6971,"https://raithos.github.io/?f=Rebel%20Alliance&d=v8ZsZ200Z27XW138W136W6W166W70WY2X133W136W7W106W142Y55XWWY14XW&sn=JKLOL%20JTO&obs=coreasteroid5,core2asteroid4,core2asteroid5",
Kettch,Kettch#4217,"https://raithos.github.io/?f=Separatist%20Alliance&d=v8ZsZ200Z329XWWWWY336XW136WWW221WW216WY307XWWY334XWWWWWWWW&sn=Thomas%20Schulte%20JTO&obs=coreasteroid4,core2asteroid0,core2asteroid2",
Kimberly Colas,harald85,"https://raithos.github.io/?f=Resistance&d=v8ZsZ200Z347X186WWWW32WWY270XWWW206Y256XW196WW175WWWY297XWWW175WWW&sn=Kimberly%20Colas%20JTO&obs=coreasteroid0,coreasteroid2,coreasteroid4 ",
BuzzBox,BuzzBox#1697,https://raithos.github.io/?f=Galactic%20Empire&d=v8ZsZ200Z182X106WY163X133WW234W99W106W139WWY191X113WW99WWWWWY176X240WW106&sn=Justin%20Ti-%20JTO&obs=,
clanofwolves,clanofwolves,https://raithos.github.io/?f=Rebel%20Alliance&d=v8ZsZ200Z77XWWWW7WY39XWWWWW157W96Y49XWWWW&sn=David%20Bryson%20JTO&obs=,
badmedicine22,badmedicine22 #6966,https://raithos.github.io/?f=Scum%20and%20Villainy&d=v8ZsZ200Z152X124WW99W66W53W80W92W106W150Y86X122W137WW79WW317WWY398X126WWWY160XWW&sn=Random%20Squad&obs=,
ChiefStief88,ChiefStief88,"https://raithos.github.io/?f=Rebel%20Alliance&d=v8ZsZ200Z59X133WWWY63XWWWWWWWY24XWW5WY56XWW&sn=Matt%20Stief%20JTO&obs=coreasteroid5,core2asteroid4,core2asteroid5",
Rinehart ,Rinehart#0927,https://raithos.github.io/?f=Scum%20and%20Villainy&d=v8ZsZ200Z83X122WWWW70WW236WY122XWWWWY303XY101XW234&sn=Rinehart%20Jank%20Tank&obs=,
Nick ZA,PrinceofWeasels#7542,https://raithos.github.io/?f=Resistance&d=v8ZsZ200Z270X133WWW186Y295XWWWWWWY244XWWWWWWWY345XWWW&sn=Nick%20Worsley%20JTO&obs=,
HeretikalOrca,HeretikalOrca#3832,https://raithos.github.io/?f=First%20Order&d=v8ZsZ200Z233X256W202W108Y286X206W134W102Y386X186W136W99&sn=HeretikalOrca%20JTO&obs=,
Williarn,Williarn#3268,https://raithos.github.io/?f=Rebel%20Alliance&d=v8ZsZ200Z26X116W138W136W0W105WWY42X132W311WWWW249WWY49X68WW166WW&sn=William%20Krick%20JTO&obs=,
Porg Sondre,Sqwick,https://raithos.github.io/?f=Rebel%20Alliance&d=v8ZsZ200Z61X125W111W136W137W59W58W165W86W148Y49X70W41W164W107W156&sn=Sondre%20Auestad%20JTO&obs=,
Duke of Hobbies,DukeofHobbies#7036,https://raithos.github.io/?f=Galactic%20Republic&d=v8ZsZ200Z322X116WW2WY332XW111W2WY341XWWWWY275XW252WW&sn=Nick%20Yurko%20JTO&obs=,
gregkash,gregkash#7147,https://raithos.github.io/?f=Galactic%20Empire&d=v8ZsZ200Z184X125W37WW164Y164XW134W102W104W139WWY207XW234W97WWWWW249Y218XW&sn=gregkash%20-%20JTO&obs=,
Travis,Travis#9016,"https://raithos.github.io/?f=Galactic%20Republic&d=v8ZsZ200Z315XWWY273XWWWY280XWWWWY342X116WWWWW&sn=Travis%20Johannsen%20JTO&obs=coreasteroid3,coreasteroid5,core2asteroid5",
brettness37,brettness37#2654,https://raithos.github.io/?f=Galactic%20Empire&d=v8ZsZ200Z227X119WY201XWWWY216XW30W50WW86WWWY206XWW98WWWW&sn=Brett%20Bird%20JTO&obs=,
Cmdr. Mark,Cmdr. Mark #1344,"https://raithos.github.io/?f=Galactic%20Republic&d=v8ZsZ200Z321X100WY277X72W6W200WY342XW134WW89W214WY338XWWWW252W&sn=Mark%20Sandey%20JTO&obs=gascloud4,gascloud5,gascloud6",
morgansd24,Morgansd24#0762,https://raithos.github.io/?f=Galactic%20Empire&d=v8ZsZ200Z197X123W114W10W99Y188XW138W99W100WWY180X256W165W&sn=Morgan%20Sanders%20JTO&obs=,
Sycho,Sycho#3730,"https://raithos.github.io/?f=First%20Order&d=v8ZsZ200Z269XWY284XWW234W102Y285XW186WWW114WY283XWWW&sn=Sycho%20JTO&obs=core2asteroid1,core2asteroid3,core2asteroid4",
RealityLemon,#8692,https://raithos.github.io/?f=Galactic%20Empire&d=v8ZsZ200Z171XW240W98Y171X73W112W99Y167X112WWWW236W162Y207XWW99WWW317WW109&sn=Mike%20Domino%20JTO&obs=,
Mando Joe,Mando Joe#5480,"https://raithos.github.io/?f=First%20Order&d=v8ZsZ200Z242X116W178W100WWWY288X318WW32W59WW12W111WY384XW318WW&sn=Joey%20Crespino%20JTO&obs=gascloud1,gascloud2,gascloud3",
BrodyRules ,BrodyRules#9748,https://raithos.github.io/?f=Galactic%20Empire&d=v8ZsZ200Z182X165W249Y167XW13WWW164W162Y170X204W111WY212XWWW164&sn=Drew%20Brody%20JTO&obs=,
jesedk,jesedk,https://raithos.github.io/?f=Galactic%20Empire&d=v8ZsZ200Z173X199W112W99W105Y184XWWW164Y166XW11WWW165W162&sn=Jorge%20Silva%20JTO&obs=,
Toby Nathan,tobynathan83,"https://raithos.github.io/?f=Scum%20and%20Villainy&d=v8ZsZ200Z143XWWWWY147X131W114WW247WY140XWWW70WWY88XWW85WWWW&sn=Toby%20Nathan%20JTO&obs=coreasteroid3,coreasteroid4,coreasteroid5",
Duff_N_Stuff,Kysoldier312 (#6403),"https://raithos.github.io/?f=Rebel%20Alliance&d=v8ZsZ200Z28X131WWWWWW88Y21XWWWWY71XWWWW167Y18XWWWW54WWW&sn=Duff_N_Stuff%20JTO&obs=gascloud3,gascloud4,gascloud5",
Sam (Tin Sqn),SamTinSquadron#8943,https://raithos.github.io/?f=Galactic%20Empire&d=v8ZsZ200Z183X125W15W33W110Y188XW137WWWW108Y189XW138W102WWWY185X29WW&sn=SamTinSquadron%20JTO&obs=,
Mrhedgehogman,mrhedgehogman#8308,https://raithos.github.io/?f=Galactic%20Republic&d=v8ZsZ200Z321XWY361X137W135WWW70W164Y278X73WW201W236Y330X240WW136&sn=Chris%20Daykin%20JTO&obs=,
lepanto,dwdicarlo #3980,https://raithos.github.io/?f=Galactic%20Empire&d=v8ZsZ200Z175XWW311WY216XWWWW82W317WWY187XWW97WWWY226X&sn=Dominick%20DiCarlo%20JTO&obs=,
Bobby Ott,Therealfunbobby,https://raithos.github.io/?f=Scum%20and%20Villainy&d=v8ZsZ200Z112XW43WWWWW156Y98X121W134Y142XW30WWWY141XWW316WW&sn=Fun%20Bobby%20JTO&obs=,
Woodford,eldaec#6701,"https://raithos.github.io/?f=First%20Order&d=v8ZsZ200Z259XW99WW240WY284XW202WW101Y382X126WW99WY290XW&sn=Kevin%20JTO&obs=coreasteroid5,yt2400debris2,gascloud5",
skitau ,skitau#0920,https://raithos.github.io/?f=Scum%20and%20Villainy&d=v8ZsZ200Z111XWWWWY96XY90XWWWWWWWY126XWWWWW160Y94XWW&sn=Robert%20Blackstock%20JTO&obs=,
Neuromechanic,Neuromechanic,"https://raithos.github.io/?f=Galactic%20Empire&d=v8ZsZ200Z182XWY204XW234W102WWW70WW164Y184XW33WWY193XW234WWWWWW&sn=Colin%20Weber%20JTO&obs=coreasteroid5,core2asteroid4,core2asteroid5",
Will CRNA,wpearce17#9638,https://raithos.github.io/?f=Scum%20and%20Villainy&d=v8ZsZ200Z119XW311WWW108W105Y107XWW102W48W68WWWY146XWWWWWW&sn=Will%20Pearce%20JTO&obs=,
GSPaintcast,GSPaintcast #4800,https://raithos.github.io/?f=Separatist%20Alliance&d=v8ZsZ200Z311XWWY305X132W220W105W229Y335XWWWWWW249W216WY354X248W&sn=Luke%20Carrington%20JTO&obs=,